date;port;jour;type_maree;heure;hauteur_m;coefficient;rang_journee;slot_source;source_fichier
2026-01-01;Le Havre;Je;Basse mer;02:57;2.24;;1;Marée 1;marees_le_havre_2026_janvier_complet.docx
2026-01-01;Le Havre;Je;Pleine mer;08:32;7.45;69;2;Marée 2;marees_le_havre_2026_janvier_complet.docx
2026-01-01;Le Havre;Je;Basse mer;15:35;2.00;;3;Marée 3;marees_le_havre_2026_janvier_complet.docx
2026-01-01;Le Havre;Je;Pleine mer;21:06;7.48;74;4;Marée 4;marees_le_havre_2026_janvier_complet.docx
2026-01-02;Le Havre;Ve;Basse mer;04:01;1.94;;1;Marée 1;marees_le_havre_2026_janvier_complet.docx
2026-01-02;Le Havre;Ve;Pleine mer;09:29;7.71;79;2;Marée 2;marees_le_havre_2026_janvier_complet.docx
2026-01-02;Le Havre;Ve;Basse mer;16:36;1.62;;3;Marée 3;marees_le_havre_2026_janvier_complet.docx
2026-01-02;Le Havre;Ve;Pleine mer;22:03;7.75;84;4;Marée 4;marees_le_havre_2026_janvier_complet.docx
2026-01-03;Le Havre;Sa;Basse mer;05:00;1.71;;1;Marée 1;marees_le_havre_2026_janvier_complet.docx
2026-01-03;Le Havre;Sa;Pleine mer;10:21;7.91;88;2;Marée 2;marees_le_havre_2026_janvier_complet.docx
2026-01-03;Le Havre;Sa;Basse mer;17:34;1.34;;3;Marée 3;marees_le_havre_2026_janvier_complet.docx
2026-01-03;Le Havre;Sa;Pleine mer;22:54;7.92;91;4;Marée 4;marees_le_havre_2026_janvier_complet.docx
2026-01-04;Le Havre;Di;Basse mer;05:57;1.55;;1;Marée 1;marees_le_havre_2026_janvier_complet.docx
2026-01-04;Le Havre;Di;Pleine mer;11:10;8.03;94;2;Marée 2;marees_le_havre_2026_janvier_complet.docx
2026-01-04;Le Havre;Di;Basse mer;18:29;1.15;;3;Marée 3;marees_le_havre_2026_janvier_complet.docx
2026-01-04;Le Havre;Di;Pleine mer;23:44;8.00;95;4;Marée 4;marees_le_havre_2026_janvier_complet.docx
2026-01-05;Le Havre;Lu;Basse mer;06:50;1.47;;1;Marée 1;marees_le_havre_2026_janvier_complet.docx
2026-01-05;Le Havre;Lu;Pleine mer;11:57;8.06;96;2;Marée 2;marees_le_havre_2026_janvier_complet.docx
2026-01-05;Le Havre;Lu;Basse mer;19:19;1.09;;3;Marée 3;marees_le_havre_2026_janvier_complet.docx
2026-01-06;Le Havre;Ma;Pleine mer;00:31;7.98;95;1;Marée 1;marees_le_havre_2026_janvier_complet.docx
2026-01-06;Le Havre;Ma;Basse mer;07:37;1.49;;2;Marée 2;marees_le_havre_2026_janvier_complet.docx
2026-01-06;Le Havre;Ma;Pleine mer;12:43;8.00;93;3;Marée 3;marees_le_havre_2026_janvier_complet.docx
2026-01-06;Le Havre;Ma;Basse mer;20:03;1.17;;4;Marée 4;marees_le_havre_2026_janvier_complet.docx
2026-01-07;Le Havre;Me;Pleine mer;01:16;7.87;91;1;Marée 1;marees_le_havre_2026_janvier_complet.docx
2026-01-07;Le Havre;Me;Basse mer;08:19;1.64;;2;Marée 2;marees_le_havre_2026_janvier_complet.docx
2026-01-07;Le Havre;Me;Pleine mer;13:27;7.84;87;3;Marée 3;marees_le_havre_2026_janvier_complet.docx
2026-01-07;Le Havre;Me;Basse mer;20:43;1.41;;4;Marée 4;marees_le_havre_2026_janvier_complet.docx
2026-01-08;Le Havre;Je;Pleine mer;01:59;7.67;82;1;Marée 1;marees_le_havre_2026_janvier_complet.docx
2026-01-08;Le Havre;Je;Basse mer;08:57;1.90;;2;Marée 2;marees_le_havre_2026_janvier_complet.docx
2026-01-08;Le Havre;Je;Pleine mer;14:09;7.60;77;3;Marée 3;marees_le_havre_2026_janvier_complet.docx
2026-01-08;Le Havre;Je;Basse mer;21:19;1.76;;4;Marée 4;marees_le_havre_2026_janvier_complet.docx
2026-01-09;Le Havre;Ve;Pleine mer;02:41;7.41;72;1;Marée 1;marees_le_havre_2026_janvier_complet.docx
2026-01-09;Le Havre;Ve;Basse mer;09:33;2.24;;2;Marée 2;marees_le_havre_2026_janvier_complet.docx
2026-01-09;Le Havre;Ve;Pleine mer;14:50;7.30;66;3;Marée 3;marees_le_havre_2026_janvier_complet.docx
2026-01-09;Le Havre;Ve;Basse mer;21:53;2.18;;4;Marée 4;marees_le_havre_2026_janvier_complet.docx
2026-01-10;Le Havre;Sa;Pleine mer;03:23;7.13;60;1;Marée 1;marees_le_havre_2026_janvier_complet.docx
2026-01-10;Le Havre;Sa;Basse mer;10:09;2.61;;2;Marée 2;marees_le_havre_2026_janvier_complet.docx
2026-01-10;Le Havre;Sa;Pleine mer;15:35;6.96;54;3;Marée 3;marees_le_havre_2026_janvier_complet.docx
2026-01-10;Le Havre;Sa;Basse mer;22:29;2.60;;4;Marée 4;marees_le_havre_2026_janvier_complet.docx
2026-01-11;Le Havre;Di;Pleine mer;04:10;6.86;49;1;Marée 1;marees_le_havre_2026_janvier_complet.docx
2026-01-11;Le Havre;Di;Basse mer;10:50;2.96;;2;Marée 2;marees_le_havre_2026_janvier_complet.docx
2026-01-11;Le Havre;Di;Pleine mer;16:28;6.63;44;3;Marée 3;marees_le_havre_2026_janvier_complet.docx
2026-01-11;Le Havre;Di;Basse mer;23:11;3.00;;4;Marée 4;marees_le_havre_2026_janvier_complet.docx
2026-01-12;Le Havre;Lu;Pleine mer;05:06;6.63;39;1;Marée 1;marees_le_havre_2026_janvier_complet.docx
2026-01-12;Le Havre;Lu;Basse mer;11:41;3.25;;2;Marée 2;marees_le_havre_2026_janvier_complet.docx
2026-01-12;Le Havre;Lu;Pleine mer;17:32;6.38;36;3;Marée 3;marees_le_havre_2026_janvier_complet.docx
2026-01-13;Le Havre;Ma;Basse mer;00:07;3.30;;1;Marée 1;marees_le_havre_2026_janvier_complet.docx
2026-01-13;Le Havre;Ma;Pleine mer;06:10;6.51;35;2;Marée 2;marees_le_havre_2026_janvier_complet.docx
2026-01-13;Le Havre;Ma;Basse mer;12:49;3.39;;3;Marée 3;marees_le_havre_2026_janvier_complet.docx
2026-01-13;Le Havre;Ma;Pleine mer;18:46;6.29;35;4;Marée 4;marees_le_havre_2026_janvier_complet.docx
2026-01-14;Le Havre;Me;Basse mer;01:26;3.40;;1;Marée 1;marees_le_havre_2026_janvier_complet.docx
2026-01-14;Le Havre;Me;Pleine mer;07:22;6.53;36;2;Marée 2;marees_le_havre_2026_janvier_complet.docx
2026-01-14;Le Havre;Me;Basse mer;14:15;3.25;;3;Marée 3;marees_le_havre_2026_janvier_complet.docx
2026-01-14;Le Havre;Me;Pleine mer;20:06;6.42;39;4;Marée 4;marees_le_havre_2026_janvier_complet.docx
2026-01-15;Le Havre;Je;Basse mer;02:46;3.20;;1;Marée 1;marees_le_havre_2026_janvier_complet.docx
2026-01-15;Le Havre;Je;Pleine mer;08:29;6.72;43;2;Marée 2;marees_le_havre_2026_janvier_complet.docx
2026-01-15;Le Havre;Je;Basse mer;15:20;2.90;;3;Marée 3;marees_le_havre_2026_janvier_complet.docx
2026-01-15;Le Havre;Je;Pleine mer;21:05;6.72;47;4;Marée 4;marees_le_havre_2026_janvier_complet.docx
2026-01-16;Le Havre;Ve;Basse mer;03:44;2.87;;1;Marée 1;marees_le_havre_2026_janvier_complet.docx
2026-01-16;Le Havre;Ve;Pleine mer;09:18;6.99;52;2;Marée 2;marees_le_havre_2026_janvier_complet.docx
2026-01-16;Le Havre;Ve;Basse mer;16:11;2.53;;3;Marée 3;marees_le_havre_2026_janvier_complet.docx
2026-01-16;Le Havre;Ve;Pleine mer;21:48;7.02;56;4;Marée 4;marees_le_havre_2026_janvier_complet.docx
2026-01-17;Le Havre;Sa;Basse mer;04:32;2.54;;1;Marée 1;marees_le_havre_2026_janvier_complet.docx
2026-01-17;Le Havre;Sa;Pleine mer;09:59;7.25;61;2;Marée 2;marees_le_havre_2026_janvier_complet.docx
2026-01-17;Le Havre;Sa;Basse mer;16:56;2.20;;3;Marée 3;marees_le_havre_2026_janvier_complet.docx
2026-01-17;Le Havre;Sa;Pleine mer;22:26;7.26;65;4;Marée 4;marees_le_havre_2026_janvier_complet.docx
2026-01-18;Le Havre;Di;Basse mer;05:15;2.27;;1;Marée 1;marees_le_havre_2026_janvier_complet.docx
2026-01-18;Le Havre;Di;Pleine mer;10:35;7.46;69;2;Marée 2;marees_le_havre_2026_janvier_complet.docx
2026-01-18;Le Havre;Di;Basse mer;17:37;1.93;;3;Marée 3;marees_le_havre_2026_janvier_complet.docx
2026-01-18;Le Havre;Di;Pleine mer;23:01;7.44;73;4;Marée 4;marees_le_havre_2026_janvier_complet.docx
2026-01-19;Le Havre;Lu;Basse mer;05:54;2.06;;1;Marée 1;marees_le_havre_2026_janvier_complet.docx
2026-01-19;Le Havre;Lu;Pleine mer;11:10;7.62;76;2;Marée 2;marees_le_havre_2026_janvier_complet.docx
2026-01-19;Le Havre;Lu;Basse mer;18:16;1.71;;3;Marée 3;marees_le_havre_2026_janvier_complet.docx
2026-01-19;Le Havre;Lu;Pleine mer;23:36;7.56;79;4;Marée 4;marees_le_havre_2026_janvier_complet.docx
2026-01-20;Le Havre;Ma;Basse mer;06:32;1.89;;1;Marée 1;marees_le_havre_2026_janvier_complet.docx
2026-01-20;Le Havre;Ma;Pleine mer;11:45;7.74;81;2;Marée 2;marees_le_havre_2026_janvier_complet.docx
2026-01-20;Le Havre;Ma;Basse mer;18:54;1.55;;3;Marée 3;marees_le_havre_2026_janvier_complet.docx
2026-01-21;Le Havre;Me;Pleine mer;00:11;7.64;83;1;Marée 1;marees_le_havre_2026_janvier_complet.docx
2026-01-21;Le Havre;Me;Basse mer;07:10;1.77;;2;Marée 2;marees_le_havre_2026_janvier_complet.docx
2026-01-21;Le Havre;Me;Pleine mer;12:21;7.80;84;3;Marée 3;marees_le_havre_2026_janvier_complet.docx
2026-01-21;Le Havre;Me;Basse mer;19:31;1.45;;4;Marée 4;marees_le_havre_2026_janvier_complet.docx
2026-01-22;Le Havre;Je;Pleine mer;00:47;7.67;85;1;Marée 1;marees_le_havre_2026_janvier_complet.docx
2026-01-22;Le Havre;Je;Basse mer;07:47;1.72;;2;Marée 2;marees_le_havre_2026_janvier_complet.docx
2026-01-22;Le Havre;Je;Pleine mer;12:58;7.80;85;3;Marée 3;marees_le_havre_2026_janvier_complet.docx
2026-01-22;Le Havre;Je;Basse mer;20:06;1.46;;4;Marée 4;marees_le_havre_2026_janvier_complet.docx
2026-01-23;Le Havre;Ve;Pleine mer;01:25;7.65;84;1;Marée 1;marees_le_havre_2026_janvier_complet.docx
2026-01-23;Le Havre;Ve;Basse mer;08:23;1.78;;2;Marée 2;marees_le_havre_2026_janvier_complet.docx
2026-01-23;Le Havre;Ve;Pleine mer;13:37;7.72;82;3;Marée 3;marees_le_havre_2026_janvier_complet.docx
2026-01-23;Le Havre;Ve;Basse mer;20:40;1.58;;4;Marée 4;marees_le_havre_2026_janvier_complet.docx
2026-01-24;Le Havre;Sa;Pleine mer;02:04;7.54;80;1;Marée 1;marees_le_havre_2026_janvier_complet.docx
2026-01-24;Le Havre;Sa;Basse mer;08:58;1.93;;2;Marée 2;marees_le_havre_2026_janvier_complet.docx
2026-01-24;Le Havre;Sa;Pleine mer;14:17;7.55;76;3;Marée 3;marees_le_havre_2026_janvier_complet.docx
2026-01-24;Le Havre;Sa;Basse mer;21:17;1.79;;4;Marée 4;marees_le_havre_2026_janvier_complet.docx
2026-01-25;Le Havre;Di;Pleine mer;02:43;7.37;73;1;Marée 1;marees_le_havre_2026_janvier_complet.docx
2026-01-25;Le Havre;Di;Basse mer;09:35;2.16;;2;Marée 2;marees_le_havre_2026_janvier_complet.docx
2026-01-25;Le Havre;Di;Pleine mer;14:58;7.32;68;3;Marée 3;marees_le_havre_2026_janvier_complet.docx
2026-01-25;Le Havre;Di;Basse mer;21:53;2.10;;4;Marée 4;marees_le_havre_2026_janvier_complet.docx
2026-01-26;Le Havre;Lu;Pleine mer;03:25;7.16;64;1;Marée 1;marees_le_havre_2026_janvier_complet.docx
2026-01-26;Le Havre;Lu;Basse mer;10:18;2.44;;2;Marée 2;marees_le_havre_2026_janvier_complet.docx
2026-01-26;Le Havre;Lu;Pleine mer;15:46;7.07;59;3;Marée 3;marees_le_havre_2026_janvier_complet.docx
2026-01-26;Le Havre;Lu;Basse mer;22:39;2.45;;4;Marée 4;marees_le_havre_2026_janvier_complet.docx
2026-01-27;Le Havre;Ma;Pleine mer;04:18;6.95;54;1;Marée 1;marees_le_havre_2026_janvier_complet.docx
2026-01-27;Le Havre;Ma;Basse mer;11:12;2.74;;2;Marée 2;marees_le_havre_2026_janvier_complet.docx
2026-01-27;Le Havre;Ma;Pleine mer;16:51;6.79;50;3;Marée 3;marees_le_havre_2026_janvier_complet.docx
2026-01-27;Le Havre;Ma;Basse mer;23:39;2.79;;4;Marée 4;marees_le_havre_2026_janvier_complet.docx
2026-01-28;Le Havre;Me;Pleine mer;05:35;6.76;47;1;Marée 1;marees_le_havre_2026_janvier_complet.docx
2026-01-28;Le Havre;Me;Basse mer;12:29;2.91;;2;Marée 2;marees_le_havre_2026_janvier_complet.docx
2026-01-28;Le Havre;Me;Pleine mer;18:26;6.65;47;3;Marée 3;marees_le_havre_2026_janvier_complet.docx
2026-01-29;Le Havre;Je;Basse mer;01:13;2.92;;1;Marée 1;marees_le_havre_2026_janvier_complet.docx
2026-01-29;Le Havre;Je;Pleine mer;07:08;6.83;49;2;Marée 2;marees_le_havre_2026_janvier_complet.docx
2026-01-29;Le Havre;Je;Basse mer;14:06;2.72;;3;Marée 3;marees_le_havre_2026_janvier_complet.docx
2026-01-29;Le Havre;Je;Pleine mer;19:55;6.87;52;4;Marée 4;marees_le_havre_2026_janvier_complet.docx
2026-01-30;Le Havre;Ve;Basse mer;02:40;2.66;;1;Marée 1;marees_le_havre_2026_janvier_complet.docx
2026-01-30;Le Havre;Ve;Pleine mer;08:24;7.12;58;2;Marée 2;marees_le_havre_2026_janvier_complet.docx
2026-01-30;Le Havre;Ve;Basse mer;15:22;2.26;;3;Marée 3;marees_le_havre_2026_janvier_complet.docx
2026-01-30;Le Havre;Ve;Pleine mer;21:04;7.23;65;4;Marée 4;marees_le_havre_2026_janvier_complet.docx
2026-01-31;Le Havre;Sa;Basse mer;03:51;2.25;;1;Marée 1;marees_le_havre_2026_janvier_complet.docx
2026-01-31;Le Havre;Sa;Pleine mer;09:24;7.46;72;2;Marée 2;marees_le_havre_2026_janvier_complet.docx
2026-01-31;Le Havre;Sa;Basse mer;16:31;1.79;;3;Marée 3;marees_le_havre_2026_janvier_complet.docx
2026-01-31;Le Havre;Sa;Pleine mer;22:00;7.58;78;4;Marée 4;marees_le_havre_2026_janvier_complet.docx
2026-02-01;Le Havre;Di;Basse mer;04:59;1.85;;1;Marée 1;marees_le_havre_2026_fevrier.docx
2026-02-01;Le Havre;Di;Pleine mer;10:15;7.74;84;2;Marée 2;marees_le_havre_2026_fevrier.docx
2026-02-01;Le Havre;Di;Basse mer;17:35;1.36;;3;Marée 3;marees_le_havre_2026_fevrier.docx
2026-02-01;Le Havre;Di;Pleine mer;22:48;7.83;89;4;Marée 4;marees_le_havre_2026_fevrier.docx
2026-02-02;Le Havre;Lu;Basse mer;05:58;1.51;;1;Marée 1;marees_le_havre_2026_fevrier.docx
2026-02-02;Le Havre;Lu;Pleine mer;11:01;7.94;94;2;Marée 2;marees_le_havre_2026_fevrier.docx
2026-02-02;Le Havre;Lu;Basse mer;18:26;1.06;;3;Marée 3;marees_le_havre_2026_fevrier.docx
2026-02-02;Le Havre;Lu;Pleine mer;23:32;7.97;97;4;Marée 4;marees_le_havre_2026_fevrier.docx
2026-02-03;Le Havre;Ma;Basse mer;06:45;1.30;;1;Marée 1;marees_le_havre_2026_fevrier.docx
2026-02-03;Le Havre;Ma;Pleine mer;11:44;8.04;99;2;Marée 2;marees_le_havre_2026_fevrier.docx
2026-02-03;Le Havre;Ma;Basse mer;19:09;0.93;;3;Marée 3;marees_le_havre_2026_fevrier.docx
2026-02-04;Le Havre;Me;Pleine mer;00:13;8.00;99;1;Marée 1;marees_le_havre_2026_fevrier.docx
2026-02-04;Le Havre;Me;Basse mer;07:24;1.25;;2;Marée 2;marees_le_havre_2026_fevrier.docx
2026-02-04;Le Havre;Me;Pleine mer;12:24;8.05;99;3;Marée 3;marees_le_havre_2026_fevrier.docx
2026-02-04;Le Havre;Me;Basse mer;19:45;0.98;;4;Marée 4;marees_le_havre_2026_fevrier.docx
2026-02-05;Le Havre;Je;Pleine mer;00:52;7.94;97;1;Marée 1;marees_le_havre_2026_fevrier.docx
2026-02-05;Le Havre;Je;Basse mer;07:58;1.35;;2;Marée 2;marees_le_havre_2026_fevrier.docx
2026-02-05;Le Havre;Je;Pleine mer;13:01;7.95;94;3;Marée 3;marees_le_havre_2026_fevrier.docx
2026-02-05;Le Havre;Je;Basse mer;20:17;1.20;;4;Marée 4;marees_le_havre_2026_fevrier.docx
2026-02-06;Le Havre;Ve;Pleine mer;01:28;7.79;90;1;Marée 1;marees_le_havre_2026_fevrier.docx
2026-02-06;Le Havre;Ve;Basse mer;08:28;1.59;;2;Marée 2;marees_le_havre_2026_fevrier.docx
2026-02-06;Le Havre;Ve;Pleine mer;13:37;7.74;84;3;Marée 3;marees_le_havre_2026_fevrier.docx
2026-02-06;Le Havre;Ve;Basse mer;20:45;1.55;;4;Marée 4;marees_le_havre_2026_fevrier.docx
2026-02-07;Le Havre;Sa;Pleine mer;02:01;7.56;79;1;Marée 1;marees_le_havre_2026_fevrier.docx
2026-02-07;Le Havre;Sa;Basse mer;08:56;1.93;;2;Marée 2;marees_le_havre_2026_fevrier.docx
2026-02-07;Le Havre;Sa;Pleine mer;14:10;7.44;73;3;Marée 3;marees_le_havre_2026_fevrier.docx
2026-02-07;Le Havre;Sa;Basse mer;21:11;2.00;;4;Marée 4;marees_le_havre_2026_fevrier.docx
2026-02-08;Le Havre;Di;Pleine mer;02:33;7.27;66;1;Marée 1;marees_le_havre_2026_fevrier.docx
2026-02-08;Le Havre;Di;Basse mer;09:21;2.35;;2;Marée 2;marees_le_havre_2026_fevrier.docx
2026-02-08;Le Havre;Di;Pleine mer;14:42;7.08;59;3;Marée 3;marees_le_havre_2026_fevrier.docx
2026-02-08;Le Havre;Di;Basse mer;21:35;2.49;;4;Marée 4;marees_le_havre_2026_fevrier.docx
2026-02-09;Le Havre;Lu;Pleine mer;03:06;6.94;52;1;Marée 1;marees_le_havre_2026_fevrier.docx
2026-02-09;Le Havre;Lu;Basse mer;09:51;2.79;;2;Marée 2;marees_le_havre_2026_fevrier.docx
2026-02-09;Le Havre;Lu;Pleine mer;15:19;6.66;46;3;Marée 3;marees_le_havre_2026_fevrier.docx
2026-02-09;Le Havre;Lu;Basse mer;22:07;3.00;;4;Marée 4;marees_le_havre_2026_fevrier.docx
2026-02-10;Le Havre;Ma;Pleine mer;03:48;6.57;39;1;Marée 1;marees_le_havre_2026_fevrier.docx
2026-02-10;Le Havre;Ma;Basse mer;10:30;3.23;;2;Marée 2;marees_le_havre_2026_fevrier.docx
2026-02-10;Le Havre;Ma;Pleine mer;16:15;6.22;33;3;Marée 3;marees_le_havre_2026_fevrier.docx
2026-02-10;Le Havre;Ma;Basse mer;22:56;3.49;;4;Marée 4;marees_le_havre_2026_fevrier.docx
2026-02-11;Le Havre;Me;Pleine mer;04:57;6.22;28;1;Marée 1;marees_le_havre_2026_fevrier.docx
2026-02-11;Le Havre;Me;Basse mer;11:34;3.60;;2;Marée 2;marees_le_havre_2026_fevrier.docx
2026-02-11;Le Havre;Me;Pleine mer;17:47;5.94;25;3;Marée 3;marees_le_havre_2026_fevrier.docx
2026-02-12;Le Havre;Je;Basse mer;00:12;3.82;;1;Marée 1;marees_le_havre_2026_fevrier.docx
2026-02-12;Le Havre;Je;Pleine mer;06:31;6.09;25;2;Marée 2;marees_le_havre_2026_fevrier.docx
2026-02-12;Le Havre;Je;Basse mer;13:11;3.67;;3;Marée 3;marees_le_havre_2026_fevrier.docx
2026-02-12;Le Havre;Je;Pleine mer;19:34;6.03;28;4;Marée 4;marees_le_havre_2026_fevrier.docx
2026-02-13;Le Havre;Ve;Basse mer;02:10;3.67;;1;Marée 1;marees_le_havre_2026_fevrier.docx
2026-02-13;Le Havre;Ve;Pleine mer;08:01;6.28;33;2;Marée 2;marees_le_havre_2026_fevrier.docx
2026-02-13;Le Havre;Ve;Basse mer;14:50;3.26;;3;Marée 3;marees_le_havre_2026_fevrier.docx
2026-02-13;Le Havre;Ve;Pleine mer;20:46;6.42;39;4;Marée 4;marees_le_havre_2026_fevrier.docx
2026-02-14;Le Havre;Sa;Basse mer;03:23;3.16;;1;Marée 1;marees_le_havre_2026_fevrier.docx
2026-02-14;Le Havre;Sa;Pleine mer;08:59;6.69;45;2;Marée 2;marees_le_havre_2026_fevrier.docx
2026-02-14;Le Havre;Sa;Basse mer;15:50;2.71;;3;Marée 3;marees_le_havre_2026_fevrier.docx
2026-02-14;Le Havre;Sa;Pleine mer;21:30;6.86;52;4;Marée 4;marees_le_havre_2026_fevrier.docx
2026-02-15;Le Havre;Di;Basse mer;04:15;2.63;;1;Marée 1;marees_le_havre_2026_fevrier.docx
2026-02-15;Le Havre;Di;Pleine mer;09:41;7.10;59;2;Marée 2;marees_le_havre_2026_fevrier.docx
2026-02-15;Le Havre;Di;Basse mer;16:39;2.21;;3;Marée 3;marees_le_havre_2026_fevrier.docx
2026-02-15;Le Havre;Di;Pleine mer;22:07;7.24;65;4;Marée 4;marees_le_havre_2026_fevrier.docx
2026-02-16;Le Havre;Lu;Basse mer;05:00;2.18;;1;Marée 1;marees_le_havre_2026_fevrier.docx
2026-02-16;Le Havre;Lu;Pleine mer;10:17;7.44;71;2;Marée 2;marees_le_havre_2026_fevrier.docx
2026-02-16;Le Havre;Lu;Basse mer;17:23;1.79;;3;Marée 3;marees_le_havre_2026_fevrier.docx
2026-02-16;Le Havre;Lu;Pleine mer;22:42;7.51;77;4;Marée 4;marees_le_havre_2026_fevrier.docx
2026-02-17;Le Havre;Ma;Basse mer;05:41;1.83;;1;Marée 1;marees_le_havre_2026_fevrier.docx
2026-02-17;Le Havre;Ma;Pleine mer;10:52;7.71;82;2;Marée 2;marees_le_havre_2026_fevrier.docx
2026-02-17;Le Havre;Ma;Basse mer;18:03;1.46;;3;Marée 3;marees_le_havre_2026_fevrier.docx
2026-02-17;Le Havre;Ma;Pleine mer;23:16;7.71;87;4;Marée 4;marees_le_havre_2026_fevrier.docx
2026-02-18;Le Havre;Me;Basse mer;06:20;1.55;;1;Marée 1;marees_le_havre_2026_fevrier.docx
2026-02-18;Le Havre;Me;Pleine mer;11:27;7.89;91;2;Marée 2;marees_le_havre_2026_fevrier.docx
2026-02-18;Le Havre;Me;Basse mer;18:40;1.21;;3;Marée 3;marees_le_havre_2026_fevrier.docx
2026-02-18;Le Havre;Me;Pleine mer;23:51;7.84;94;4;Marée 4;marees_le_havre_2026_fevrier.docx
2026-02-19;Le Havre;Je;Basse mer;06:56;1.35;;1;Marée 1;marees_le_havre_2026_fevrier.docx
2026-02-19;Le Havre;Je;Pleine mer;12:03;8.01;96;2;Marée 2;marees_le_havre_2026_fevrier.docx
2026-02-19;Le Havre;Je;Basse mer;19:15;1.07;;3;Marée 3;marees_le_havre_2026_fevrier.docx
2026-02-20;Le Havre;Ve;Pleine mer;00:27;7.92;97;1;Marée 1;marees_le_havre_2026_fevrier.docx
2026-02-20;Le Havre;Ve;Basse mer;07:31;1.26;;2;Marée 2;marees_le_havre_2026_fevrier.docx
2026-02-20;Le Havre;Ve;Pleine mer;12:39;8.04;97;3;Marée 3;marees_le_havre_2026_fevrier.docx
2026-02-20;Le Havre;Ve;Basse mer;19:49;1.06;;4;Marée 4;marees_le_havre_2026_fevrier.docx
2026-02-21;Le Havre;Sa;Pleine mer;01:03;7.91;96;1;Marée 1;marees_le_havre_2026_fevrier.docx
2026-02-21;Le Havre;Sa;Basse mer;08:06;1.30;;2;Marée 2;marees_le_havre_2026_fevrier.docx
2026-02-21;Le Havre;Sa;Pleine mer;13:17;7.96;94;3;Marée 3;marees_le_havre_2026_fevrier.docx
2026-02-21;Le Havre;Sa;Basse mer;20:23;1.22;;4;Marée 4;marees_le_havre_2026_fevrier.docx
2026-02-22;Le Havre;Di;Pleine mer;01:40;7.79;91;1;Marée 1;marees_le_havre_2026_fevrier.docx
2026-02-22;Le Havre;Di;Basse mer;08:39;1.50;;2;Marée 2;marees_le_havre_2026_fevrier.docx
2026-02-22;Le Havre;Di;Pleine mer;13:55;7.74;86;3;Marée 3;marees_le_havre_2026_fevrier.docx
2026-02-22;Le Havre;Di;Basse mer;20:54;1.54;;4;Marée 4;marees_le_havre_2026_fevrier.docx
2026-02-23;Le Havre;Lu;Pleine mer;02:16;7.55;81;1;Marée 1;marees_le_havre_2026_fevrier.docx
2026-02-23;Le Havre;Lu;Basse mer;09:14;1.83;;2;Marée 2;marees_le_havre_2026_fevrier.docx
2026-02-23;Le Havre;Lu;Pleine mer;14:35;7.42;74;3;Marée 3;marees_le_havre_2026_fevrier.docx
2026-02-23;Le Havre;Lu;Basse mer;21:29;1.99;;4;Marée 4;marees_le_havre_2026_fevrier.docx
2026-02-24;Le Havre;Ma;Pleine mer;02:55;7.26;67;1;Marée 1;marees_le_havre_2026_fevrier.docx
2026-02-24;Le Havre;Ma;Basse mer;09:53;2.27;;2;Marée 2;marees_le_havre_2026_fevrier.docx
2026-02-24;Le Havre;Ma;Pleine mer;15:22;7.02;60;3;Marée 3;marees_le_havre_2026_fevrier.docx
2026-02-24;Le Havre;Ma;Basse mer;22:11;2.52;;4;Marée 4;marees_le_havre_2026_fevrier.docx
2026-02-25;Le Havre;Me;Pleine mer;03:47;6.88;52;1;Marée 1;marees_le_havre_2026_fevrier.docx
2026-02-25;Le Havre;Me;Basse mer;10:45;2.74;;2;Marée 2;marees_le_havre_2026_fevrier.docx
2026-02-25;Le Havre;Me;Pleine mer;16:32;6.59;46;3;Marée 3;marees_le_havre_2026_fevrier.docx
2026-02-25;Le Havre;Me;Basse mer;23:12;3.04;;4;Marée 4;marees_le_havre_2026_fevrier.docx
2026-02-26;Le Havre;Je;Pleine mer;05:13;6.53;41;1;Marée 1;marees_le_havre_2026_fevrier.docx
2026-02-26;Le Havre;Je;Basse mer;12:08;3.07;;2;Marée 2;marees_le_havre_2026_fevrier.docx
2026-02-26;Le Havre;Je;Pleine mer;18:25;6.45;39;3;Marée 3;marees_le_havre_2026_fevrier.docx
2026-02-27;Le Havre;Ve;Basse mer;00:59;3.24;;1;Marée 1;marees_le_havre_2026_fevrier.docx
2026-02-27;Le Havre;Ve;Pleine mer;07:03;6.58;42;2;Marée 2;marees_le_havre_2026_fevrier.docx
2026-02-27;Le Havre;Ve;Basse mer;13:56;2.88;;3;Marée 3;marees_le_havre_2026_fevrier.docx
2026-02-27;Le Havre;Ve;Pleine mer;19:56;6.71;47;4;Marée 4;marees_le_havre_2026_fevrier.docx
2026-02-28;Le Havre;Sa;Basse mer;02:35;2.87;;1;Marée 1;marees_le_havre_2026_fevrier.docx
2026-02-28;Le Havre;Sa;Pleine mer;08:21;6.91;55;2;Marée 2;marees_le_havre_2026_fevrier.docx
2026-02-28;Le Havre;Sa;Basse mer;15:21;2.34;;3;Marée 3;marees_le_havre_2026_fevrier.docx
2026-02-28;Le Havre;Sa;Pleine mer;21:02;7.15;62;4;Marée 4;marees_le_havre_2026_fevrier.docx
2026-03-01;Le Havre;Di;Basse mer;03:57;2.31;;1;Marée 1;marees_le_havre_2026_mars.docx
2026-03-01;Le Havre;Di;Pleine mer;09:19;7.31;70;2;Marée 2;marees_le_havre_2026_mars.docx
2026-03-01;Le Havre;Di;Basse mer;16:35;1.75;;3;Marée 3;marees_le_havre_2026_mars.docx
2026-03-01;Le Havre;Di;Pleine mer;21:52;7.54;78;4;Marée 4;marees_le_havre_2026_mars.docx
2026-03-02;Le Havre;Lu;Basse mer;05:02;1.77;;1;Marée 1;marees_le_havre_2026_mars.docx
2026-03-02;Le Havre;Lu;Pleine mer;10:05;7.64;84;2;Marée 2;marees_le_havre_2026_mars.docx
2026-03-02;Le Havre;Lu;Basse mer;17:30;1.28;;3;Marée 3;marees_le_havre_2026_mars.docx
2026-03-02;Le Havre;Lu;Pleine mer;22:34;7.80;90;4;Marée 4;marees_le_havre_2026_mars.docx
2026-03-03;Le Havre;Ma;Basse mer;05:49;1.39;;1;Marée 1;marees_le_havre_2026_mars.docx
2026-03-03;Le Havre;Ma;Pleine mer;10:45;7.86;94;2;Marée 2;marees_le_havre_2026_mars.docx
2026-03-03;Le Havre;Ma;Basse mer;18:12;1.02;;3;Marée 3;marees_le_havre_2026_mars.docx
2026-03-03;Le Havre;Ma;Pleine mer;23:12;7.91;97;4;Marée 4;marees_le_havre_2026_mars.docx
2026-03-04;Le Havre;Me;Basse mer;06:27;1.20;;1;Marée 1;marees_le_havre_2026_mars.docx
2026-03-04;Le Havre;Me;Pleine mer;11:23;7.97;99;2;Marée 2;marees_le_havre_2026_mars.docx
2026-03-04;Le Havre;Me;Basse mer;18:47;0.95;;3;Marée 3;marees_le_havre_2026_mars.docx
2026-03-04;Le Havre;Me;Pleine mer;23:48;7.95;99;4;Marée 4;marees_le_havre_2026_mars.docx
2026-03-05;Le Havre;Je;Basse mer;07:00;1.17;;1;Marée 1;marees_le_havre_2026_mars.docx
2026-03-05;Le Havre;Je;Pleine mer;11:58;8.00;99;2;Marée 2;marees_le_havre_2026_mars.docx
2026-03-05;Le Havre;Je;Basse mer;19:17;1.02;;3;Marée 3;marees_le_havre_2026_mars.docx
2026-03-06;Le Havre;Ve;Pleine mer;00:21;7.91;97;1;Marée 1;marees_le_havre_2026_mars.docx
2026-03-06;Le Havre;Ve;Basse mer;07:29;1.26;;2;Marée 2;marees_le_havre_2026_mars.docx
2026-03-06;Le Havre;Ve;Pleine mer;12:32;7.91;94;3;Marée 3;marees_le_havre_2026_mars.docx
2026-03-06;Le Havre;Ve;Basse mer;19:44;1.22;;4;Marée 4;marees_le_havre_2026_mars.docx
2026-03-07;Le Havre;Sa;Pleine mer;00:53;7.80;91;1;Marée 1;marees_le_havre_2026_mars.docx
2026-03-07;Le Havre;Sa;Basse mer;07:55;1.47;;2;Marée 2;marees_le_havre_2026_mars.docx
2026-03-07;Le Havre;Sa;Pleine mer;13:03;7.72;86;3;Marée 3;marees_le_havre_2026_mars.docx
2026-03-07;Le Havre;Sa;Basse mer;20:09;1.55;;4;Marée 4;marees_le_havre_2026_mars.docx
2026-03-08;Le Havre;Di;Pleine mer;01:22;7.60;81;1;Marée 1;marees_le_havre_2026_mars.docx
2026-03-08;Le Havre;Di;Basse mer;08:19;1.79;;2;Marée 2;marees_le_havre_2026_mars.docx
2026-03-08;Le Havre;Di;Pleine mer;13:33;7.45;75;3;Marée 3;marees_le_havre_2026_mars.docx
2026-03-08;Le Havre;Di;Basse mer;20:31;1.98;;4;Marée 4;marees_le_havre_2026_mars.docx
2026-03-09;Le Havre;Lu;Pleine mer;01:49;7.35;69;1;Marée 1;marees_le_havre_2026_mars.docx
2026-03-09;Le Havre;Lu;Basse mer;08:41;2.18;;2;Marée 2;marees_le_havre_2026_mars.docx
2026-03-09;Le Havre;Lu;Pleine mer;14:00;7.12;62;3;Marée 3;marees_le_havre_2026_mars.docx
2026-03-09;Le Havre;Lu;Basse mer;20:51;2.45;;4;Marée 4;marees_le_havre_2026_mars.docx
2026-03-10;Le Havre;Ma;Pleine mer;02:15;7.04;55;1;Marée 1;marees_le_havre_2026_mars.docx
2026-03-10;Le Havre;Ma;Basse mer;09:05;2.61;;2;Marée 2;marees_le_havre_2026_mars.docx
2026-03-10;Le Havre;Ma;Pleine mer;14:30;6.71;48;3;Marée 3;marees_le_havre_2026_mars.docx
2026-03-10;Le Havre;Ma;Basse mer;21:17;2.97;;4;Marée 4;marees_le_havre_2026_mars.docx
2026-03-11;Le Havre;Me;Pleine mer;02:47;6.62;41;1;Marée 1;marees_le_havre_2026_mars.docx
2026-03-11;Le Havre;Me;Basse mer;09:39;3.09;;2;Marée 2;marees_le_havre_2026_mars.docx
2026-03-11;Le Havre;Me;Pleine mer;15:14;6.23;34;3;Marée 3;marees_le_havre_2026_mars.docx
2026-03-11;Le Havre;Me;Basse mer;21:59;3.52;;4;Marée 4;marees_le_havre_2026_mars.docx
2026-03-12;Le Havre;Je;Pleine mer;03:41;6.15;28;1;Marée 1;marees_le_havre_2026_mars.docx
2026-03-12;Le Havre;Je;Basse mer;10:36;3.56;;2;Marée 2;marees_le_havre_2026_mars.docx
2026-03-12;Le Havre;Je;Pleine mer;16:39;5.84;23;3;Marée 3;marees_le_havre_2026_mars.docx
2026-03-12;Le Havre;Je;Basse mer;23:16;3.95;;4;Marée 4;marees_le_havre_2026_mars.docx
2026-03-13;Le Havre;Ve;Pleine mer;05:31;5.87;21;1;Marée 1;marees_le_havre_2026_mars.docx
2026-03-13;Le Havre;Ve;Basse mer;12:10;3.79;;2;Marée 2;marees_le_havre_2026_mars.docx
2026-03-13;Le Havre;Ve;Pleine mer;18:51;5.87;23;3;Marée 3;marees_le_havre_2026_mars.docx
2026-03-14;Le Havre;Sa;Basse mer;01:19;3.90;;1;Marée 1;marees_le_havre_2026_mars.docx
2026-03-14;Le Havre;Sa;Pleine mer;07:22;6.04;28;2;Marée 2;marees_le_havre_2026_mars.docx
2026-03-14;Le Havre;Sa;Basse mer;14:08;3.43;;3;Marée 3;marees_le_havre_2026_mars.docx
2026-03-14;Le Havre;Sa;Pleine mer;20:12;6.29;35;4;Marée 4;marees_le_havre_2026_mars.docx
2026-03-15;Le Havre;Di;Basse mer;02:50;3.29;;1;Marée 1;marees_le_havre_2026_mars.docx
2026-03-15;Le Havre;Di;Pleine mer;08:27;6.51;42;2;Marée 2;marees_le_havre_2026_mars.docx
2026-03-15;Le Havre;Di;Basse mer;15:16;2.79;;3;Marée 3;marees_le_havre_2026_mars.docx
2026-03-15;Le Havre;Di;Pleine mer;21:00;6.81;50;4;Marée 4;marees_le_havre_2026_mars.docx
2026-03-16;Le Havre;Lu;Basse mer;03:45;2.65;;1;Marée 1;marees_le_havre_2026_mars.docx
2026-03-16;Le Havre;Lu;Pleine mer;09:11;7.01;58;2;Marée 2;marees_le_havre_2026_mars.docx
2026-03-16;Le Havre;Lu;Basse mer;16:08;2.20;;3;Marée 3;marees_le_havre_2026_mars.docx
2026-03-16;Le Havre;Lu;Pleine mer;21:38;7.25;66;4;Marée 4;marees_le_havre_2026_mars.docx
2026-03-17;Le Havre;Ma;Basse mer;04:31;2.10;;1;Marée 1;marees_le_havre_2026_mars.docx
2026-03-17;Le Havre;Ma;Pleine mer;09:49;7.44;73;2;Marée 2;marees_le_havre_2026_mars.docx
2026-03-17;Le Havre;Ma;Basse mer;16:54;1.71;;3;Marée 3;marees_le_havre_2026_mars.docx
2026-03-17;Le Havre;Ma;Pleine mer;22:13;7.59;80;4;Marée 4;marees_le_havre_2026_mars.docx
2026-03-18;Le Havre;Me;Basse mer;05:14;1.67;;1;Marée 1;marees_le_havre_2026_mars.docx
2026-03-18;Le Havre;Me;Pleine mer;10:25;7.76;87;2;Marée 2;marees_le_havre_2026_mars.docx
2026-03-18;Le Havre;Me;Basse mer;17:36;1.33;;3;Marée 3;marees_le_havre_2026_mars.docx
2026-03-18;Le Havre;Me;Pleine mer;22:48;7.82;92;4;Marée 4;marees_le_havre_2026_mars.docx
2026-03-19;Le Havre;Je;Basse mer;05:55;1.34;;1;Marée 1;marees_le_havre_2026_mars.docx
2026-03-19;Le Havre;Je;Pleine mer;11:02;7.97;97;2;Marée 2;marees_le_havre_2026_mars.docx
2026-03-19;Le Havre;Je;Basse mer;18:15;1.05;;3;Marée 3;marees_le_havre_2026_mars.docx
2026-03-19;Le Havre;Je;Pleine mer;23:24;7.97;101;4;Marée 4;marees_le_havre_2026_mars.docx
2026-03-20;Le Havre;Ve;Basse mer;06:33;1.11;;1;Marée 1;marees_le_havre_2026_mars.docx
2026-03-20;Le Havre;Ve;Pleine mer;11:39;8.10;103;2;Marée 2;marees_le_havre_2026_mars.docx
2026-03-20;Le Havre;Ve;Basse mer;18:52;0.90;;3;Marée 3;marees_le_havre_2026_mars.docx
2026-03-21;Le Havre;Sa;Pleine mer;00:01;8.06;104;1;Marée 1;marees_le_havre_2026_mars.docx
2026-03-21;Le Havre;Sa;Basse mer;07:09;1.00;;2;Marée 2;marees_le_havre_2026_mars.docx
2026-03-21;Le Havre;Sa;Pleine mer;12:17;8.13;104;3;Marée 3;marees_le_havre_2026_mars.docx
2026-03-21;Le Havre;Sa;Basse mer;19:27;0.92;;4;Marée 4;marees_le_havre_2026_mars.docx
2026-03-22;Le Havre;Di;Pleine mer;00:38;8.04;103;1;Marée 1;marees_le_havre_2026_mars.docx
2026-03-22;Le Havre;Di;Basse mer;07:45;1.05;;2;Marée 2;marees_le_havre_2026_mars.docx
2026-03-22;Le Havre;Di;Pleine mer;12:57;8.03;100;3;Marée 3;marees_le_havre_2026_mars.docx
2026-03-22;Le Havre;Di;Basse mer;20:01;1.14;;4;Marée 4;marees_le_havre_2026_mars.docx
2026-03-23;Le Havre;Lu;Pleine mer;01:16;7.89;95;1;Marée 1;marees_le_havre_2026_mars.docx
2026-03-23;Le Havre;Lu;Basse mer;08:21;1.29;;2;Marée 2;marees_le_havre_2026_mars.docx
2026-03-23;Le Havre;Lu;Pleine mer;13:37;7.78;89;3;Marée 3;marees_le_havre_2026_mars.docx
2026-03-23;Le Havre;Lu;Basse mer;20:33;1.54;;4;Marée 4;marees_le_havre_2026_mars.docx
2026-03-24;Le Havre;Ma;Pleine mer;01:54;7.61;82;1;Marée 1;marees_le_havre_2026_mars.docx
2026-03-24;Le Havre;Ma;Basse mer;08:55;1.70;;2;Marée 2;marees_le_havre_2026_mars.docx
2026-03-24;Le Havre;Ma;Pleine mer;14:20;7.39;74;3;Marée 3;marees_le_havre_2026_mars.docx
2026-03-24;Le Havre;Ma;Basse mer;21:10;2.08;;4;Marée 4;marees_le_havre_2026_mars.docx
2026-03-25;Le Havre;Me;Pleine mer;02:37;7.25;66;1;Marée 1;marees_le_havre_2026_mars.docx
2026-03-25;Le Havre;Me;Basse mer;09:35;2.21;;2;Marée 2;marees_le_havre_2026_mars.docx
2026-03-25;Le Havre;Me;Pleine mer;15:13;6.93;57;3;Marée 3;marees_le_havre_2026_mars.docx
2026-03-25;Le Havre;Me;Basse mer;21:52;2.68;;4;Marée 4;marees_le_havre_2026_mars.docx
2026-03-26;Le Havre;Je;Pleine mer;03:34;6.79;49;1;Marée 1;marees_le_havre_2026_mars.docx
2026-03-26;Le Havre;Je;Basse mer;10:31;2.75;;2;Marée 2;marees_le_havre_2026_mars.docx
2026-03-26;Le Havre;Je;Pleine mer;16:34;6.50;43;3;Marée 3;marees_le_havre_2026_mars.docx
2026-03-26;Le Havre;Je;Basse mer;23:05;3.22;;4;Marée 4;marees_le_havre_2026_mars.docx
2026-03-27;Le Havre;Ve;Pleine mer;05:12;6.43;39;1;Marée 1;marees_le_havre_2026_mars.docx
2026-03-27;Le Havre;Ve;Basse mer;12:07;3.06;;2;Marée 2;marees_le_havre_2026_mars.docx
2026-03-27;Le Havre;Ve;Pleine mer;18:26;6.45;39;3;Marée 3;marees_le_havre_2026_mars.docx
2026-03-28;Le Havre;Sa;Basse mer;00:59;3.27;;1;Marée 1;marees_le_havre_2026_mars.docx
2026-03-28;Le Havre;Sa;Pleine mer;06:55;6.52;43;2;Marée 2;marees_le_havre_2026_mars.docx
2026-03-28;Le Havre;Sa;Basse mer;13:52;2.79;;3;Marée 3;marees_le_havre_2026_mars.docx
2026-03-28;Le Havre;Sa;Pleine mer;19:48;6.74;49;4;Marée 4;marees_le_havre_2026_mars.docx
2026-03-29;Le Havre;Di;Basse mer;03:34;2.80;;1;Marée 1;marees_le_havre_2026_mars.docx
2026-03-29;Le Havre;Di;Pleine mer;09:09;6.85;56;2;Marée 2;marees_le_havre_2026_mars.docx
2026-03-29;Le Havre;Di;Basse mer;16:16;2.25;;3;Marée 3;marees_le_havre_2026_mars.docx
2026-03-29;Le Havre;Di;Pleine mer;21:48;7.17;63;4;Marée 4;marees_le_havre_2026_mars.docx
2026-03-30;Le Havre;Lu;Basse mer;04:49;2.21;;1;Marée 1;marees_le_havre_2026_mars.docx
2026-03-30;Le Havre;Lu;Pleine mer;10:02;7.24;70;2;Marée 2;marees_le_havre_2026_mars.docx
2026-03-30;Le Havre;Lu;Basse mer;17:20;1.73;;3;Marée 3;marees_le_havre_2026_mars.docx
2026-03-30;Le Havre;Lu;Pleine mer;22:32;7.51;77;4;Marée 4;marees_le_havre_2026_mars.docx
2026-03-31;Le Havre;Ma;Basse mer;05:43;1.74;;1;Marée 1;marees_le_havre_2026_mars.docx
2026-03-31;Le Havre;Ma;Pleine mer;10:44;7.53;82;2;Marée 2;marees_le_havre_2026_mars.docx
2026-03-31;Le Havre;Ma;Basse mer;18:07;1.39;;3;Marée 3;marees_le_havre_2026_mars.docx
2026-03-31;Le Havre;Ma;Pleine mer;23:10;7.70;86;4;Marée 4;marees_le_havre_2026_mars.docx
2026-04-01;Le Havre;Me;Basse mer;06:25;1.46;;1;Marée 1;marees_le_havre_2026_avril.docx
2026-04-01;Le Havre;Me;Pleine mer;11:22;7.71;89;2;Marée 2;marees_le_havre_2026_avril.docx
2026-04-01;Le Havre;Me;Basse mer;18:44;1.24;;3;Marée 3;marees_le_havre_2026_avril.docx
2026-04-01;Le Havre;Me;Pleine mer;23:45;7.79;92;4;Marée 4;marees_le_havre_2026_avril.docx
2026-04-02;Le Havre;Je;Basse mer;06:59;1.34;;1;Marée 1;marees_le_havre_2026_avril.docx
2026-04-02;Le Havre;Je;Pleine mer;11:57;7.80;93;2;Marée 2;marees_le_havre_2026_avril.docx
2026-04-02;Le Havre;Je;Basse mer;19:15;1.22;;3;Marée 3;marees_le_havre_2026_avril.docx
2026-04-03;Le Havre;Ve;Pleine mer;00:18;7.82;93;1;Marée 1;marees_le_havre_2026_avril.docx
2026-04-03;Le Havre;Ve;Basse mer;07:28;1.32;;2;Marée 2;marees_le_havre_2026_avril.docx
2026-04-03;Le Havre;Ve;Pleine mer;12:30;7.81;93;3;Marée 3;marees_le_havre_2026_avril.docx
2026-04-03;Le Havre;Ve;Basse mer;19:43;1.29;;4;Marée 4;marees_le_havre_2026_avril.docx
2026-04-04;Le Havre;Sa;Pleine mer;00:49;7.80;91;1;Marée 1;marees_le_havre_2026_avril.docx
2026-04-04;Le Havre;Sa;Basse mer;07:56;1.37;;2;Marée 2;marees_le_havre_2026_avril.docx
2026-04-04;Le Havre;Sa;Pleine mer;13:02;7.73;89;3;Marée 3;marees_le_havre_2026_avril.docx
2026-04-04;Le Havre;Sa;Basse mer;20:10;1.46;;4;Marée 4;marees_le_havre_2026_avril.docx
2026-04-05;Le Havre;Di;Pleine mer;01:18;7.71;86;1;Marée 1;marees_le_havre_2026_avril.docx
2026-04-05;Le Havre;Di;Basse mer;08:23;1.53;;2;Marée 2;marees_le_havre_2026_avril.docx
2026-04-05;Le Havre;Di;Pleine mer;13:33;7.57;82;3;Marée 3;marees_le_havre_2026_avril.docx
2026-04-05;Le Havre;Di;Basse mer;20:35;1.73;;4;Marée 4;marees_le_havre_2026_avril.docx
2026-04-06;Le Havre;Lu;Pleine mer;01:47;7.55;78;1;Marée 1;marees_le_havre_2026_avril.docx
2026-04-06;Le Havre;Lu;Basse mer;08:47;1.78;;2;Marée 2;marees_le_havre_2026_avril.docx
2026-04-06;Le Havre;Lu;Pleine mer;14:02;7.34;73;3;Marée 3;marees_le_havre_2026_avril.docx
2026-04-06;Le Havre;Lu;Basse mer;20:58;2.08;;4;Marée 4;marees_le_havre_2026_avril.docx
2026-04-07;Le Havre;Ma;Pleine mer;02:14;7.35;68;1;Marée 1;marees_le_havre_2026_avril.docx
2026-04-07;Le Havre;Ma;Basse mer;09:10;2.11;;2;Marée 2;marees_le_havre_2026_avril.docx
2026-04-07;Le Havre;Ma;Pleine mer;14:31;7.07;62;3;Marée 3;marees_le_havre_2026_avril.docx
2026-04-07;Le Havre;Ma;Basse mer;21:20;2.50;;4;Marée 4;marees_le_havre_2026_avril.docx
2026-04-08;Le Havre;Me;Pleine mer;02:41;7.06;56;1;Marée 1;marees_le_havre_2026_avril.docx
2026-04-08;Le Havre;Me;Basse mer;09:35;2.49;;2;Marée 2;marees_le_havre_2026_avril.docx
2026-04-08;Le Havre;Me;Pleine mer;15:03;6.72;50;3;Marée 3;marees_le_havre_2026_avril.docx
2026-04-08;Le Havre;Me;Basse mer;21:46;2.95;;4;Marée 4;marees_le_havre_2026_avril.docx
2026-04-09;Le Havre;Je;Pleine mer;03:16;6.68;43;1;Marée 1;marees_le_havre_2026_avril.docx
2026-04-09;Le Havre;Je;Basse mer;10:07;2.92;;2;Marée 2;marees_le_havre_2026_avril.docx
2026-04-09;Le Havre;Je;Pleine mer;15:47;6.33;37;3;Marée 3;marees_le_havre_2026_avril.docx
2026-04-09;Le Havre;Je;Basse mer;22:27;3.43;;4;Marée 4;marees_le_havre_2026_avril.docx
2026-04-10;Le Havre;Ve;Pleine mer;04:07;6.26;32;1;Marée 1;marees_le_havre_2026_avril.docx
2026-04-10;Le Havre;Ve;Basse mer;10:58;3.35;;2;Marée 2;marees_le_havre_2026_avril.docx
2026-04-10;Le Havre;Ve;Pleine mer;16:56;6.00;27;3;Marée 3;marees_le_havre_2026_avril.docx
2026-04-10;Le Havre;Ve;Basse mer;23:35;3.81;;4;Marée 4;marees_le_havre_2026_avril.docx
2026-04-11;Le Havre;Sa;Pleine mer;05:32;5.96;25;1;Marée 1;marees_le_havre_2026_avril.docx
2026-04-11;Le Havre;Sa;Basse mer;12:22;3.60;;2;Marée 2;marees_le_havre_2026_avril.docx
2026-04-11;Le Havre;Sa;Pleine mer;18:56;5.97;26;3;Marée 3;marees_le_havre_2026_avril.docx
2026-04-12;Le Havre;Di;Basse mer;01:24;3.81;;1;Marée 1;marees_le_havre_2026_avril.docx
2026-04-12;Le Havre;Di;Pleine mer;07:26;6.05;29;2;Marée 2;marees_le_havre_2026_avril.docx
2026-04-12;Le Havre;Di;Basse mer;14:10;3.36;;3;Marée 3;marees_le_havre_2026_avril.docx
2026-04-12;Le Havre;Di;Pleine mer;20:20;6.33;35;4;Marée 4;marees_le_havre_2026_avril.docx
2026-04-13;Le Havre;Lu;Basse mer;02:57;3.29;;1;Marée 1;marees_le_havre_2026_avril.docx
2026-04-13;Le Havre;Lu;Pleine mer;08:38;6.47;42;2;Marée 2;marees_le_havre_2026_avril.docx
2026-04-13;Le Havre;Lu;Basse mer;15:24;2.80;;3;Marée 3;marees_le_havre_2026_avril.docx
2026-04-13;Le Havre;Lu;Pleine mer;21:15;6.81;50;4;Marée 4;marees_le_havre_2026_avril.docx
2026-04-14;Le Havre;Ma;Basse mer;03:57;2.67;;1;Marée 1;marees_le_havre_2026_avril.docx
2026-04-14;Le Havre;Ma;Pleine mer;09:29;6.96;58;2;Marée 2;marees_le_havre_2026_avril.docx
2026-04-14;Le Havre;Ma;Basse mer;16:21;2.23;;3;Marée 3;marees_le_havre_2026_avril.docx
2026-04-14;Le Havre;Ma;Pleine mer;21:58;7.26;66;4;Marée 4;marees_le_havre_2026_avril.docx
2026-04-15;Le Havre;Me;Basse mer;04:48;2.12;;1;Marée 1;marees_le_havre_2026_avril.docx
2026-04-15;Le Havre;Me;Pleine mer;10:12;7.39;73;2;Marée 2;marees_le_havre_2026_avril.docx
2026-04-15;Le Havre;Me;Basse mer;17:12;1.75;;3;Marée 3;marees_le_havre_2026_avril.docx
2026-04-15;Le Havre;Me;Pleine mer;22:37;7.59;81;4;Marée 4;marees_le_havre_2026_avril.docx
2026-04-16;Le Havre;Je;Basse mer;05:36;1.67;;1;Marée 1;marees_le_havre_2026_avril.docx
2026-04-16;Le Havre;Je;Pleine mer;10:52;7.71;87;2;Marée 2;marees_le_havre_2026_avril.docx
2026-04-16;Le Havre;Je;Basse mer;17:59;1.38;;3;Marée 3;marees_le_havre_2026_avril.docx
2026-04-16;Le Havre;Je;Pleine mer;23:16;7.83;93;4;Marée 4;marees_le_havre_2026_avril.docx
2026-04-17;Le Havre;Ve;Basse mer;06:22;1.32;;1;Marée 1;marees_le_havre_2026_avril.docx
2026-04-17;Le Havre;Ve;Pleine mer;11:32;7.92;97;2;Marée 2;marees_le_havre_2026_avril.docx
2026-04-17;Le Havre;Ve;Basse mer;18:43;1.11;;3;Marée 3;marees_le_havre_2026_avril.docx
2026-04-17;Le Havre;Ve;Pleine mer;23:55;7.99;101;4;Marée 4;marees_le_havre_2026_avril.docx
2026-04-18;Le Havre;Sa;Basse mer;07:05;1.08;;1;Marée 1;marees_le_havre_2026_avril.docx
2026-04-18;Le Havre;Sa;Pleine mer;12:14;8.05;104;2;Marée 2;marees_le_havre_2026_avril.docx
2026-04-18;Le Havre;Sa;Basse mer;19:24;0.99;;3;Marée 3;marees_le_havre_2026_avril.docx
2026-04-19;Le Havre;Di;Pleine mer;00:34;8.07;105;1;Marée 1;marees_le_havre_2026_avril.docx
2026-04-19;Le Havre;Di;Basse mer;07:46;0.96;;2;Marée 2;marees_le_havre_2026_avril.docx
2026-04-19;Le Havre;Di;Pleine mer;12:56;8.08;104;3;Marée 3;marees_le_havre_2026_avril.docx
2026-04-19;Le Havre;Di;Basse mer;20:04;1.03;;4;Marée 4;marees_le_havre_2026_avril.docx
2026-04-20;Le Havre;Lu;Pleine mer;01:15;8.05;102;1;Marée 1;marees_le_havre_2026_avril.docx
2026-04-20;Le Havre;Lu;Basse mer;08:26;1.01;;2;Marée 2;marees_le_havre_2026_avril.docx
2026-04-20;Le Havre;Lu;Pleine mer;13:40;7.98;99;3;Marée 3;marees_le_havre_2026_avril.docx
2026-04-20;Le Havre;Lu;Basse mer;20:42;1.27;;4;Marée 4;marees_le_havre_2026_avril.docx
2026-04-21;Le Havre;Ma;Pleine mer;01:57;7.90;94;1;Marée 1;marees_le_havre_2026_avril.docx
2026-04-21;Le Havre;Ma;Basse mer;09:05;1.25;;2;Marée 2;marees_le_havre_2026_avril.docx
2026-04-21;Le Havre;Ma;Pleine mer;14:25;7.73;88;3;Marée 3;marees_le_havre_2026_avril.docx
2026-04-21;Le Havre;Ma;Basse mer;21:20;1.68;;4;Marée 4;marees_le_havre_2026_avril.docx
2026-04-22;Le Havre;Me;Pleine mer;02:40;7.62;81;1;Marée 1;marees_le_havre_2026_avril.docx
2026-04-22;Le Havre;Me;Basse mer;09:44;1.66;;2;Marée 2;marees_le_havre_2026_avril.docx
2026-04-22;Le Havre;Me;Pleine mer;15:14;7.36;73;3;Marée 3;marees_le_havre_2026_avril.docx
2026-04-22;Le Havre;Me;Basse mer;21:58;2.20;;4;Marée 4;marees_le_havre_2026_avril.docx
2026-04-23;Le Havre;Je;Pleine mer;03:29;7.25;65;1;Marée 1;marees_le_havre_2026_avril.docx
2026-04-23;Le Havre;Je;Basse mer;10:30;2.16;;2;Marée 2;marees_le_havre_2026_avril.docx
2026-04-23;Le Havre;Je;Pleine mer;16:13;6.93;58;3;Marée 3;marees_le_havre_2026_avril.docx
2026-04-23;Le Havre;Je;Basse mer;22:51;2.74;;4;Marée 4;marees_le_havre_2026_avril.docx
2026-04-24;Le Havre;Ve;Pleine mer;04:32;6.82;51;1;Marée 1;marees_le_havre_2026_avril.docx
2026-04-24;Le Havre;Ve;Basse mer;11:35;2.63;;2;Marée 2;marees_le_havre_2026_avril.docx
2026-04-24;Le Havre;Ve;Pleine mer;17:39;6.62;46;3;Marée 3;marees_le_havre_2026_avril.docx
2026-04-25;Le Havre;Sa;Basse mer;00:16;3.10;;1;Marée 1;marees_le_havre_2026_avril.docx
2026-04-25;Le Havre;Sa;Pleine mer;06:05;6.54;44;2;Marée 2;marees_le_havre_2026_avril.docx
2026-04-25;Le Havre;Sa;Basse mer;13:05;2.80;;3;Marée 3;marees_le_havre_2026_avril.docx
2026-04-25;Le Havre;Sa;Pleine mer;19:07;6.62;44;4;Marée 4;marees_le_havre_2026_avril.docx
2026-04-26;Le Havre;Di;Basse mer;01:47;3.03;;1;Marée 1;marees_le_havre_2026_avril.docx
2026-04-26;Le Havre;Di;Pleine mer;07:30;6.61;47;2;Marée 2;marees_le_havre_2026_avril.docx
2026-04-26;Le Havre;Di;Basse mer;14:29;2.61;;3;Marée 3;marees_le_havre_2026_avril.docx
2026-04-26;Le Havre;Di;Pleine mer;20:20;6.84;51;4;Marée 4;marees_le_havre_2026_avril.docx
2026-04-27;Le Havre;Lu;Basse mer;03:04;2.69;;1;Marée 1;marees_le_havre_2026_avril.docx
2026-04-27;Le Havre;Lu;Pleine mer;08:39;6.84;56;2;Marée 2;marees_le_havre_2026_avril.docx
2026-04-27;Le Havre;Lu;Basse mer;15:41;2.28;;3;Marée 3;marees_le_havre_2026_avril.docx
2026-04-27;Le Havre;Lu;Pleine mer;21:18;7.13;61;4;Marée 4;marees_le_havre_2026_avril.docx
2026-04-28;Le Havre;Ma;Basse mer;04:12;2.29;;1;Marée 1;marees_le_havre_2026_avril.docx
2026-04-28;Le Havre;Ma;Pleine mer;09:33;7.11;66;2;Marée 2;marees_le_havre_2026_avril.docx
2026-04-28;Le Havre;Ma;Basse mer;16:41;1.97;;3;Marée 3;marees_le_havre_2026_avril.docx
2026-04-28;Le Havre;Ma;Pleine mer;22:02;7.36;71;4;Marée 4;marees_le_havre_2026_avril.docx
2026-04-29;Le Havre;Me;Basse mer;05:06;1.98;;1;Marée 1;marees_le_havre_2026_avril.docx
2026-04-29;Le Havre;Me;Pleine mer;10:16;7.33;74;2;Marée 2;marees_le_havre_2026_avril.docx
2026-04-29;Le Havre;Me;Basse mer;17:28;1.77;;3;Marée 3;marees_le_havre_2026_avril.docx
2026-04-29;Le Havre;Me;Pleine mer;22:40;7.52;77;4;Marée 4;marees_le_havre_2026_avril.docx
2026-04-30;Le Havre;Je;Basse mer;05:48;1.78;;1;Marée 1;marees_le_havre_2026_avril.docx
2026-04-30;Le Havre;Je;Pleine mer;10:54;7.47;80;2;Marée 2;marees_le_havre_2026_avril.docx
2026-04-30;Le Havre;Je;Basse mer;18:05;1.67;;3;Marée 3;marees_le_havre_2026_avril.docx
2026-04-30;Le Havre;Je;Pleine mer;23:15;7.61;81;4;Marée 4;marees_le_havre_2026_avril.docx
2026-05-01;Le Havre;Ve;Basse mer;06:22;1.66;;1;Marée 1;marees_le_havre_2026_mai.docx
2026-05-01;Le Havre;Ve;Pleine mer;11:30;7.54;82;2;Marée 2;marees_le_havre_2026_mai.docx
2026-05-01;Le Havre;Ve;Basse mer;18:38;1.65;;3;Marée 3;marees_le_havre_2026_mai.docx
2026-05-01;Le Havre;Ve;Pleine mer;23:47;7.65;82;4;Marée 4;marees_le_havre_2026_mai.docx
2026-05-02;Le Havre;Sa;Basse mer;06:54;1.61;;1;Marée 1;marees_le_havre_2026_mai.docx
2026-05-02;Le Havre;Sa;Pleine mer;12:03;7.54;82;2;Marée 2;marees_le_havre_2026_mai.docx
2026-05-02;Le Havre;Sa;Basse mer;19:09;1.68;;3;Marée 3;marees_le_havre_2026_mai.docx
2026-05-03;Le Havre;Di;Pleine mer;00:18;7.63;82;1;Marée 1;marees_le_havre_2026_mai.docx
2026-05-03;Le Havre;Di;Basse mer;07:25;1.62;;2;Marée 2;marees_le_havre_2026_mai.docx
2026-05-03;Le Havre;Di;Pleine mer;12:36;7.49;80;3;Marée 3;marees_le_havre_2026_mai.docx
2026-05-03;Le Havre;Di;Basse mer;19:38;1.79;;4;Marée 4;marees_le_havre_2026_mai.docx
2026-05-04;Le Havre;Lu;Pleine mer;00:48;7.56;78;1;Marée 1;marees_le_havre_2026_mai.docx
2026-05-04;Le Havre;Lu;Basse mer;07:53;1.70;;2;Marée 2;marees_le_havre_2026_mai.docx
2026-05-04;Le Havre;Lu;Pleine mer;13:08;7.38;76;3;Marée 3;marees_le_havre_2026_mai.docx
2026-05-04;Le Havre;Lu;Basse mer;20:06;1.97;;4;Marée 4;marees_le_havre_2026_mai.docx
2026-05-05;Le Havre;Ma;Pleine mer;01:19;7.46;73;1;Marée 1;marees_le_havre_2026_mai.docx
2026-05-05;Le Havre;Ma;Basse mer;08:20;1.86;;2;Marée 2;marees_le_havre_2026_mai.docx
2026-05-05;Le Havre;Ma;Pleine mer;13:40;7.23;69;3;Marée 3;marees_le_havre_2026_mai.docx
2026-05-05;Le Havre;Ma;Basse mer;20:32;2.22;;4;Marée 4;marees_le_havre_2026_mai.docx
2026-05-06;Le Havre;Me;Pleine mer;01:49;7.31;66;1;Marée 1;marees_le_havre_2026_mai.docx
2026-05-06;Le Havre;Me;Basse mer;08:47;2.09;;2;Marée 2;marees_le_havre_2026_mai.docx
2026-05-06;Le Havre;Me;Pleine mer;14:13;7.05;62;3;Marée 3;marees_le_havre_2026_mai.docx
2026-05-06;Le Havre;Me;Basse mer;21:00;2.52;;4;Marée 4;marees_le_havre_2026_mai.docx
2026-05-07;Le Havre;Je;Pleine mer;02:22;7.09;57;1;Marée 1;marees_le_havre_2026_mai.docx
2026-05-07;Le Havre;Je;Basse mer;09:16;2.38;;2;Marée 2;marees_le_havre_2026_mai.docx
2026-05-07;Le Havre;Je;Pleine mer;14:49;6.82;53;3;Marée 3;marees_le_havre_2026_mai.docx
2026-05-07;Le Havre;Je;Basse mer;21:31;2.86;;4;Marée 4;marees_le_havre_2026_mai.docx
2026-05-08;Le Havre;Ve;Pleine mer;03:01;6.81;48;1;Marée 1;marees_le_havre_2026_mai.docx
2026-05-08;Le Havre;Ve;Basse mer;09:52;2.69;;2;Marée 2;marees_le_havre_2026_mai.docx
2026-05-08;Le Havre;Ve;Pleine mer;15:34;6.56;44;3;Marée 3;marees_le_havre_2026_mai.docx
2026-05-08;Le Havre;Ve;Basse mer;22:12;3.18;;4;Marée 4;marees_le_havre_2026_mai.docx
2026-05-09;Le Havre;Sa;Pleine mer;03:51;6.52;40;1;Marée 1;marees_le_havre_2026_mai.docx
2026-05-09;Le Havre;Sa;Basse mer;10:38;3.00;;2;Marée 2;marees_le_havre_2026_mai.docx
2026-05-09;Le Havre;Sa;Pleine mer;16:33;6.34;37;3;Marée 3;marees_le_havre_2026_mai.docx
2026-05-09;Le Havre;Sa;Basse mer;23:11;3.43;;4;Marée 4;marees_le_havre_2026_mai.docx
2026-05-10;Le Havre;Di;Pleine mer;04:56;6.31;35;1;Marée 1;marees_le_havre_2026_mai.docx
2026-05-10;Le Havre;Di;Basse mer;11:46;3.18;;2;Marée 2;marees_le_havre_2026_mai.docx
2026-05-10;Le Havre;Di;Pleine mer;17:54;6.28;35;3;Marée 3;marees_le_havre_2026_mai.docx
2026-05-11;Le Havre;Lu;Basse mer;00:34;3.45;;1;Marée 1;marees_le_havre_2026_mai.docx
2026-05-11;Le Havre;Lu;Pleine mer;06:20;6.30;36;2;Marée 2;marees_le_havre_2026_mai.docx
2026-05-11;Le Havre;Lu;Basse mer;13:12;3.08;;3;Marée 3;marees_le_havre_2026_mai.docx
2026-05-11;Le Havre;Lu;Pleine mer;19:17;6.48;40;4;Marée 4;marees_le_havre_2026_mai.docx
2026-05-12;Le Havre;Ma;Basse mer;01:55;3.15;;1;Marée 1;marees_le_havre_2026_mai.docx
2026-05-12;Le Havre;Ma;Pleine mer;07:36;6.55;45;2;Marée 2;marees_le_havre_2026_mai.docx
2026-05-12;Le Havre;Ma;Basse mer;14:25;2.73;;3;Marée 3;marees_le_havre_2026_mai.docx
2026-05-12;Le Havre;Ma;Pleine mer;20:19;6.84;51;4;Marée 4;marees_le_havre_2026_mai.docx
2026-05-13;Le Havre;Me;Basse mer;03:01;2.68;;1;Marée 1;marees_le_havre_2026_mai.docx
2026-05-13;Le Havre;Me;Pleine mer;08:36;6.91;57;2;Marée 2;marees_le_havre_2026_mai.docx
2026-05-13;Le Havre;Me;Basse mer;15:27;2.30;;3;Marée 3;marees_le_havre_2026_mai.docx
2026-05-13;Le Havre;Me;Pleine mer;21:11;7.20;64;4;Marée 4;marees_le_havre_2026_mai.docx
2026-05-14;Le Havre;Je;Basse mer;04:00;2.21;;1;Marée 1;marees_le_havre_2026_mai.docx
2026-05-14;Le Havre;Je;Pleine mer;09:29;7.26;70;2;Marée 2;marees_le_havre_2026_mai.docx
2026-05-14;Le Havre;Je;Basse mer;16:25;1.90;;3;Marée 3;marees_le_havre_2026_mai.docx
2026-05-14;Le Havre;Je;Pleine mer;21:58;7.51;77;4;Marée 4;marees_le_havre_2026_mai.docx
2026-05-15;Le Havre;Ve;Basse mer;04:55;1.80;;1;Marée 1;marees_le_havre_2026_mai.docx
2026-05-15;Le Havre;Ve;Pleine mer;10:17;7.55;83;2;Marée 2;marees_le_havre_2026_mai.docx
2026-05-15;Le Havre;Ve;Basse mer;17:20;1.57;;3;Marée 3;marees_le_havre_2026_mai.docx
2026-05-15;Le Havre;Ve;Pleine mer;22:42;7.74;88;4;Marée 4;marees_le_havre_2026_mai.docx
2026-05-16;Le Havre;Sa;Basse mer;05:48;1.45;;1;Marée 1;marees_le_havre_2026_mai.docx
2026-05-16;Le Havre;Sa;Pleine mer;11:04;7.76;92;2;Marée 2;marees_le_havre_2026_mai.docx
2026-05-16;Le Havre;Sa;Basse mer;18:11;1.34;;3;Marée 3;marees_le_havre_2026_mai.docx
2026-05-16;Le Havre;Sa;Pleine mer;23:26;7.90;96;4;Marée 4;marees_le_havre_2026_mai.docx
2026-05-17;Le Havre;Di;Basse mer;06:38;1.20;;1;Marée 1;marees_le_havre_2026_mai.docx
2026-05-17;Le Havre;Di;Pleine mer;11:52;7.90;98;2;Marée 2;marees_le_havre_2026_mai.docx
2026-05-17;Le Havre;Di;Basse mer;18:59;1.23;;3;Marée 3;marees_le_havre_2026_mai.docx
2026-05-18;Le Havre;Lu;Pleine mer;00:11;7.99;99;1;Marée 1;marees_le_havre_2026_mai.docx
2026-05-18;Le Havre;Lu;Basse mer;07:25;1.06;;2;Marée 2;marees_le_havre_2026_mai.docx
2026-05-18;Le Havre;Lu;Pleine mer;12:39;7.96;99;3;Marée 3;marees_le_havre_2026_mai.docx
2026-05-18;Le Havre;Lu;Basse mer;19:45;1.26;;4;Marée 4;marees_le_havre_2026_mai.docx
2026-05-19;Le Havre;Ma;Pleine mer;00:57;7.99;97;1;Marée 1;marees_le_havre_2026_mai.docx
2026-05-19;Le Havre;Ma;Basse mer;08:11;1.07;;2;Marée 2;marees_le_havre_2026_mai.docx
2026-05-19;Le Havre;Ma;Pleine mer;13:28;7.90;95;3;Marée 3;marees_le_havre_2026_mai.docx
2026-05-19;Le Havre;Ma;Basse mer;20:30;1.44;;4;Marée 4;marees_le_havre_2026_mai.docx
2026-05-20;Le Havre;Me;Pleine mer;01:44;7.88;91;1;Marée 1;marees_le_havre_2026_mai.docx
2026-05-20;Le Havre;Me;Basse mer;08:57;1.24;;2;Marée 2;marees_le_havre_2026_mai.docx
2026-05-20;Le Havre;Me;Pleine mer;14:18;7.71;87;3;Marée 3;marees_le_havre_2026_mai.docx
2026-05-20;Le Havre;Me;Basse mer;21:15;1.75;;4;Marée 4;marees_le_havre_2026_mai.docx
2026-05-21;Le Havre;Je;Pleine mer;02:32;7.65;81;1;Marée 1;marees_le_havre_2026_mai.docx
2026-05-21;Le Havre;Je;Basse mer;09:44;1.56;;2;Marée 2;marees_le_havre_2026_mai.docx
2026-05-21;Le Havre;Je;Pleine mer;15:11;7.42;76;3;Marée 3;marees_le_havre_2026_mai.docx
2026-05-21;Le Havre;Je;Basse mer;22:04;2.14;;4;Marée 4;marees_le_havre_2026_mai.docx
2026-05-22;Le Havre;Ve;Pleine mer;03:25;7.34;70;1;Marée 1;marees_le_havre_2026_mai.docx
2026-05-22;Le Havre;Ve;Basse mer;10:37;1.95;;2;Marée 2;marees_le_havre_2026_mai.docx
2026-05-22;Le Havre;Ve;Pleine mer;16:11;7.11;64;3;Marée 3;marees_le_havre_2026_mai.docx
2026-05-22;Le Havre;Ve;Basse mer;23:02;2.50;;4;Marée 4;marees_le_havre_2026_mai.docx
2026-05-23;Le Havre;Sa;Pleine mer;04:26;7.00;59;1;Marée 1;marees_le_havre_2026_mai.docx
2026-05-23;Le Havre;Sa;Basse mer;11:38;2.29;;2;Marée 2;marees_le_havre_2026_mai.docx
2026-05-23;Le Havre;Sa;Pleine mer;17:20;6.89;55;3;Marée 3;marees_le_havre_2026_mai.docx
2026-05-24;Le Havre;Di;Basse mer;00:08;2.73;;1;Marée 1;marees_le_havre_2026_mai.docx
2026-05-24;Le Havre;Di;Pleine mer;05:38;6.77;52;2;Marée 2;marees_le_havre_2026_mai.docx
2026-05-24;Le Havre;Di;Basse mer;12:42;2.49;;3;Marée 3;marees_le_havre_2026_mai.docx
2026-05-24;Le Havre;Di;Pleine mer;18:29;6.81;51;4;Marée 4;marees_le_havre_2026_mai.docx
2026-05-25;Le Havre;Lu;Basse mer;01:13;2.78;;1;Marée 1;marees_le_havre_2026_mai.docx
2026-05-25;Le Havre;Lu;Pleine mer;06:47;6.72;50;2;Marée 2;marees_le_havre_2026_mai.docx
2026-05-25;Le Havre;Lu;Basse mer;13:45;2.54;;3;Marée 3;marees_le_havre_2026_mai.docx
2026-05-25;Le Havre;Lu;Pleine mer;19:34;6.86;51;4;Marée 4;marees_le_havre_2026_mai.docx
2026-05-26;Le Havre;Ma;Basse mer;02:15;2.70;;1;Marée 1;marees_le_havre_2026_mai.docx
2026-05-26;Le Havre;Ma;Pleine mer;07:53;6.78;53;2;Marée 2;marees_le_havre_2026_mai.docx
2026-05-26;Le Havre;Ma;Basse mer;14:46;2.49;;3;Marée 3;marees_le_havre_2026_mai.docx
2026-05-26;Le Havre;Ma;Pleine mer;20:34;6.99;55;4;Marée 4;marees_le_havre_2026_mai.docx
2026-05-27;Le Havre;Me;Basse mer;03:16;2.54;;1;Marée 1;marees_le_havre_2026_mai.docx
2026-05-27;Le Havre;Me;Pleine mer;08:53;6.90;57;2;Marée 2;marees_le_havre_2026_mai.docx
2026-05-27;Le Havre;Me;Basse mer;15:44;2.38;;3;Marée 3;marees_le_havre_2026_mai.docx
2026-05-27;Le Havre;Me;Pleine mer;21:25;7.14;60;4;Marée 4;marees_le_havre_2026_mai.docx
2026-05-28;Le Havre;Je;Basse mer;04:13;2.36;;1;Marée 1;marees_le_havre_2026_mai.docx
2026-05-28;Le Havre;Je;Pleine mer;09:44;7.03;62;2;Marée 2;marees_le_havre_2026_mai.docx
2026-05-28;Le Havre;Je;Basse mer;16:37;2.26;;3;Marée 3;marees_le_havre_2026_mai.docx
2026-05-28;Le Havre;Je;Pleine mer;22:07;7.28;65;4;Marée 4;marees_le_havre_2026_mai.docx
2026-05-29;Le Havre;Ve;Basse mer;05:02;2.18;;1;Marée 1;marees_le_havre_2026_mai.docx
2026-05-29;Le Havre;Ve;Pleine mer;10:27;7.15;67;2;Marée 2;marees_le_havre_2026_mai.docx
2026-05-29;Le Havre;Ve;Basse mer;17:22;2.16;;3;Marée 3;marees_le_havre_2026_mai.docx
2026-05-29;Le Havre;Ve;Pleine mer;22:45;7.38;68;4;Marée 4;marees_le_havre_2026_mai.docx
2026-05-30;Le Havre;Sa;Basse mer;05:44;2.04;;1;Marée 1;marees_le_havre_2026_mai.docx
2026-05-30;Le Havre;Sa;Pleine mer;11:06;7.24;70;2;Marée 2;marees_le_havre_2026_mai.docx
2026-05-30;Le Havre;Sa;Basse mer;18:02;2.09;;3;Marée 3;marees_le_havre_2026_mai.docx
2026-05-30;Le Havre;Sa;Pleine mer;23:20;7.44;70;4;Marée 4;marees_le_havre_2026_mai.docx
2026-05-31;Le Havre;Di;Basse mer;06:22;1.93;;1;Marée 1;marees_le_havre_2026_mai.docx
2026-05-31;Le Havre;Di;Pleine mer;11:42;7.29;71;2;Marée 2;marees_le_havre_2026_mai.docx
2026-05-31;Le Havre;Di;Basse mer;18:38;2.06;;3;Marée 3;marees_le_havre_2026_mai.docx
2026-05-31;Le Havre;Di;Pleine mer;23:54;7.45;71;4;Marée 4;marees_le_havre_2026_mai.docx
2026-06-01;Le Havre;Lu;Basse mer;06:57;1.87;;1;Marée 1;marees_le_havre_2026_juin.docx
2026-06-01;Le Havre;Lu;Pleine mer;12:17;7.30;71;2;Marée 2;marees_le_havre_2026_juin.docx
2026-06-01;Le Havre;Lu;Basse mer;19:12;2.08;;3;Marée 3;marees_le_havre_2026_juin.docx
2026-06-02;Le Havre;Ma;Pleine mer;00:27;7.43;71;1;Marée 1;marees_le_havre_2026_juin.docx
2026-06-02;Le Havre;Ma;Basse mer;07:30;1.87;;2;Marée 2;marees_le_havre_2026_juin.docx
2026-06-02;Le Havre;Ma;Pleine mer;12:51;7.27;70;3;Marée 3;marees_le_havre_2026_juin.docx
2026-06-02;Le Havre;Ma;Basse mer;19:45;2.15;;4;Marée 4;marees_le_havre_2026_juin.docx
2026-06-03;Le Havre;Me;Pleine mer;01:00;7.41;69;1;Marée 1;marees_le_havre_2026_juin.docx
2026-06-03;Le Havre;Me;Basse mer;08:02;1.92;;2;Marée 2;marees_le_havre_2026_juin.docx
2026-06-03;Le Havre;Me;Pleine mer;13:25;7.22;68;3;Marée 3;marees_le_havre_2026_juin.docx
2026-06-03;Le Havre;Me;Basse mer;20:16;2.26;;4;Marée 4;marees_le_havre_2026_juin.docx
2026-06-04;Le Havre;Je;Pleine mer;01:33;7.35;66;1;Marée 1;marees_le_havre_2026_juin.docx
2026-06-04;Le Havre;Je;Basse mer;08:33;2.03;;2;Marée 2;marees_le_havre_2026_juin.docx
2026-06-04;Le Havre;Je;Pleine mer;14:00;7.14;64;3;Marée 3;marees_le_havre_2026_juin.docx
2026-06-04;Le Havre;Je;Basse mer;20:49;2.42;;4;Marée 4;marees_le_havre_2026_juin.docx
2026-06-05;Le Havre;Ve;Pleine mer;02:09;7.24;62;1;Marée 1;marees_le_havre_2026_juin.docx
2026-06-05;Le Havre;Ve;Basse mer;09:07;2.18;;2;Marée 2;marees_le_havre_2026_juin.docx
2026-06-05;Le Havre;Ve;Pleine mer;14:39;7.03;59;3;Marée 3;marees_le_havre_2026_juin.docx
2026-06-05;Le Havre;Ve;Basse mer;21:24;2.59;;4;Marée 4;marees_le_havre_2026_juin.docx
2026-06-06;Le Havre;Sa;Pleine mer;02:50;7.08;57;1;Marée 1;marees_le_havre_2026_juin.docx
2026-06-06;Le Havre;Sa;Basse mer;09:43;2.36;;2;Marée 2;marees_le_havre_2026_juin.docx
2026-06-06;Le Havre;Sa;Pleine mer;15:22;6.89;54;3;Marée 3;marees_le_havre_2026_juin.docx
2026-06-06;Le Havre;Sa;Basse mer;22:05;2.78;;4;Marée 4;marees_le_havre_2026_juin.docx
2026-06-07;Le Havre;Di;Pleine mer;03:35;6.90;52;1;Marée 1;marees_le_havre_2026_juin.docx
2026-06-07;Le Havre;Di;Basse mer;10:27;2.54;;2;Marée 2;marees_le_havre_2026_juin.docx
2026-06-07;Le Havre;Di;Pleine mer;16:10;6.75;50;3;Marée 3;marees_le_havre_2026_juin.docx
2026-06-07;Le Havre;Di;Basse mer;22:53;2.92;;4;Marée 4;marees_le_havre_2026_juin.docx
2026-06-08;Le Havre;Lu;Pleine mer;04:27;6.75;48;1;Marée 1;marees_le_havre_2026_juin.docx
2026-06-08;Le Havre;Lu;Basse mer;11:18;2.68;;2;Marée 2;marees_le_havre_2026_juin.docx
2026-06-08;Le Havre;Lu;Pleine mer;17:07;6.68;47;3;Marée 3;marees_le_havre_2026_juin.docx
2026-06-08;Le Havre;Lu;Basse mer;23:52;2.98;;4;Marée 4;marees_le_havre_2026_juin.docx
2026-06-09;Le Havre;Ma;Pleine mer;05:26;6.68;47;1;Marée 1;marees_le_havre_2026_juin.docx
2026-06-09;Le Havre;Ma;Basse mer;12:19;2.72;;2;Marée 2;marees_le_havre_2026_juin.docx
2026-06-09;Le Havre;Ma;Pleine mer;18:11;6.71;47;3;Marée 3;marees_le_havre_2026_juin.docx
2026-06-10;Le Havre;Me;Basse mer;00:57;2.90;;1;Marée 1;marees_le_havre_2026_juin.docx
2026-06-10;Le Havre;Me;Pleine mer;06:32;6.72;49;2;Marée 2;marees_le_havre_2026_juin.docx
2026-06-10;Le Havre;Me;Basse mer;13:25;2.63;;3;Marée 3;marees_le_havre_2026_juin.docx
2026-06-10;Le Havre;Me;Pleine mer;19:17;6.85;52;4;Marée 4;marees_le_havre_2026_juin.docx
2026-06-11;Le Havre;Je;Basse mer;02:05;2.69;;1;Marée 1;marees_le_havre_2026_juin.docx
2026-06-11;Le Havre;Je;Pleine mer;07:40;6.87;55;2;Marée 2;marees_le_havre_2026_juin.docx
2026-06-11;Le Havre;Je;Basse mer;14:35;2.43;;3;Marée 3;marees_le_havre_2026_juin.docx
2026-06-11;Le Havre;Je;Pleine mer;20:20;7.07;60;4;Marée 4;marees_le_havre_2026_juin.docx
2026-06-12;Le Havre;Ve;Basse mer;03:14;2.37;;1;Marée 1;marees_le_havre_2026_juin.docx
2026-06-12;Le Havre;Ve;Pleine mer;08:45;7.08;64;2;Marée 2;marees_le_havre_2026_juin.docx
2026-06-12;Le Havre;Ve;Basse mer;15:44;2.16;;3;Marée 3;marees_le_havre_2026_juin.docx
2026-06-12;Le Havre;Ve;Pleine mer;21:19;7.33;69;4;Marée 4;marees_le_havre_2026_juin.docx
2026-06-13;Le Havre;Sa;Basse mer;04:20;2.00;;1;Marée 1;marees_le_havre_2026_juin.docx
2026-06-13;Le Havre;Sa;Pleine mer;09:47;7.33;74;2;Marée 2;marees_le_havre_2026_juin.docx
2026-06-13;Le Havre;Sa;Basse mer;16:46;1.88;;3;Marée 3;marees_le_havre_2026_juin.docx
2026-06-13;Le Havre;Sa;Pleine mer;22:14;7.57;79;4;Marée 4;marees_le_havre_2026_juin.docx
2026-06-14;Le Havre;Di;Basse mer;05:19;1.65;;1;Marée 1;marees_le_havre_2026_juin.docx
2026-06-14;Le Havre;Di;Pleine mer;10:44;7.57;83;2;Marée 2;marees_le_havre_2026_juin.docx
2026-06-14;Le Havre;Di;Basse mer;17:44;1.65;;3;Marée 3;marees_le_havre_2026_juin.docx
2026-06-14;Le Havre;Di;Pleine mer;23:06;7.77;87;4;Marée 4;marees_le_havre_2026_juin.docx
2026-06-15;Le Havre;Lu;Basse mer;06:16;1.37;;1;Marée 1;marees_le_havre_2026_juin.docx
2026-06-15;Le Havre;Lu;Pleine mer;11:37;7.76;90;2;Marée 2;marees_le_havre_2026_juin.docx
2026-06-15;Le Havre;Lu;Basse mer;18:39;1.50;;3;Marée 3;marees_le_havre_2026_juin.docx
2026-06-15;Le Havre;Lu;Pleine mer;23:56;7.91;93;4;Marée 4;marees_le_havre_2026_juin.docx
2026-06-16;Le Havre;Ma;Basse mer;07:10;1.18;;1;Marée 1;marees_le_havre_2026_juin.docx
2026-06-16;Le Havre;Ma;Pleine mer;12:29;7.87;94;2;Marée 2;marees_le_havre_2026_juin.docx
2026-06-16;Le Havre;Ma;Basse mer;19:33;1.44;;3;Marée 3;marees_le_havre_2026_juin.docx
2026-06-17;Le Havre;Me;Pleine mer;00:45;7.96;95;1;Marée 1;marees_le_havre_2026_juin.docx
2026-06-17;Le Havre;Me;Basse mer;08:04;1.10;;2;Marée 2;marees_le_havre_2026_juin.docx
2026-06-17;Le Havre;Me;Pleine mer;13:20;7.89;94;3;Marée 3;marees_le_havre_2026_juin.docx
2026-06-17;Le Havre;Me;Basse mer;20:25;1.48;;4;Marée 4;marees_le_havre_2026_juin.docx
2026-06-18;Le Havre;Je;Pleine mer;01:35;7.92;93;1;Marée 1;marees_le_havre_2026_juin.docx
2026-06-18;Le Havre;Je;Basse mer;08:55;1.14;;2;Marée 2;marees_le_havre_2026_juin.docx
2026-06-18;Le Havre;Je;Pleine mer;14:11;7.80;90;3;Marée 3;marees_le_havre_2026_juin.docx
2026-06-18;Le Havre;Je;Basse mer;21:16;1.61;;4;Marée 4;marees_le_havre_2026_juin.docx
2026-06-19;Le Havre;Ve;Pleine mer;02:24;7.77;87;1;Marée 1;marees_le_havre_2026_juin.docx
2026-06-19;Le Havre;Ve;Basse mer;09:44;1.32;;2;Marée 2;marees_le_havre_2026_juin.docx
2026-06-19;Le Havre;Ve;Pleine mer;15:01;7.62;83;3;Marée 3;marees_le_havre_2026_juin.docx
2026-06-19;Le Havre;Ve;Basse mer;22:04;1.84;;4;Marée 4;marees_le_havre_2026_juin.docx
2026-06-20;Le Havre;Sa;Pleine mer;03:13;7.54;79;1;Marée 1;marees_le_havre_2026_juin.docx
2026-06-20;Le Havre;Sa;Basse mer;10:31;1.61;;2;Marée 2;marees_le_havre_2026_juin.docx
2026-06-20;Le Havre;Sa;Pleine mer;15:52;7.38;74;3;Marée 3;marees_le_havre_2026_juin.docx
2026-06-20;Le Havre;Sa;Basse mer;22:51;2.12;;4;Marée 4;marees_le_havre_2026_juin.docx
2026-06-21;Le Havre;Di;Pleine mer;04:04;7.26;69;1;Marée 1;marees_le_havre_2026_juin.docx
2026-06-21;Le Havre;Di;Basse mer;11:17;1.96;;2;Marée 2;marees_le_havre_2026_juin.docx
2026-06-21;Le Havre;Di;Pleine mer;16:44;7.14;64;3;Marée 3;marees_le_havre_2026_juin.docx
2026-06-21;Le Havre;Di;Basse mer;23:37;2.41;;4;Marée 4;marees_le_havre_2026_juin.docx
2026-06-22;Le Havre;Lu;Pleine mer;04:57;6.99;59;1;Marée 1;marees_le_havre_2026_juin.docx
2026-06-22;Le Havre;Lu;Basse mer;12:02;2.31;;2;Marée 2;marees_le_havre_2026_juin.docx
2026-06-22;Le Havre;Lu;Pleine mer;17:39;6.93;55;3;Marée 3;marees_le_havre_2026_juin.docx
2026-06-23;Le Havre;Ma;Basse mer;00:26;2.66;;1;Marée 1;marees_le_havre_2026_juin.docx
2026-06-23;Le Havre;Ma;Pleine mer;05:55;6.77;51;2;Marée 2;marees_le_havre_2026_juin.docx
2026-06-23;Le Havre;Ma;Basse mer;12:51;2.61;;3;Marée 3;marees_le_havre_2026_juin.docx
2026-06-23;Le Havre;Ma;Pleine mer;18:36;6.80;48;4;Marée 4;marees_le_havre_2026_juin.docx
2026-06-24;Le Havre;Me;Basse mer;01:21;2.83;;1;Marée 1;marees_le_havre_2026_juin.docx
2026-06-24;Le Havre;Me;Pleine mer;06:57;6.62;47;2;Marée 2;marees_le_havre_2026_juin.docx
2026-06-24;Le Havre;Me;Basse mer;13:47;2.81;;3;Marée 3;marees_le_havre_2026_juin.docx
2026-06-24;Le Havre;Me;Pleine mer;19:37;6.77;46;4;Marée 4;marees_le_havre_2026_juin.docx
2026-06-25;Le Havre;Je;Basse mer;02:22;2.88;;1;Marée 1;marees_le_havre_2026_juin.docx
2026-06-25;Le Havre;Je;Pleine mer;08:03;6.58;46;2;Marée 2;marees_le_havre_2026_juin.docx
2026-06-25;Le Havre;Je;Basse mer;14:50;2.87;;3;Marée 3;marees_le_havre_2026_juin.docx
2026-06-25;Le Havre;Je;Pleine mer;20:40;6.82;47;4;Marée 4;marees_le_havre_2026_juin.docx
2026-06-26;Le Havre;Ve;Basse mer;03:25;2.79;;1;Marée 1;marees_le_havre_2026_juin.docx
2026-06-26;Le Havre;Ve;Pleine mer;09:11;6.66;49;2;Marée 2;marees_le_havre_2026_juin.docx
2026-06-26;Le Havre;Ve;Basse mer;15:52;2.79;;3;Marée 3;marees_le_havre_2026_juin.docx
2026-06-26;Le Havre;Ve;Pleine mer;21:36;6.95;51;4;Marée 4;marees_le_havre_2026_juin.docx
2026-06-27;Le Havre;Sa;Basse mer;04:22;2.59;;1;Marée 1;marees_le_havre_2026_juin.docx
2026-06-27;Le Havre;Sa;Pleine mer;10:06;6.82;54;2;Marée 2;marees_le_havre_2026_juin.docx
2026-06-27;Le Havre;Sa;Basse mer;16:46;2.63;;3;Marée 3;marees_le_havre_2026_juin.docx
2026-06-27;Le Havre;Sa;Pleine mer;22:22;7.10;56;4;Marée 4;marees_le_havre_2026_juin.docx
2026-06-28;Le Havre;Di;Basse mer;05:12;2.38;;1;Marée 1;marees_le_havre_2026_juin.docx
2026-06-28;Le Havre;Di;Pleine mer;10:50;7.00;59;2;Marée 2;marees_le_havre_2026_juin.docx
2026-06-28;Le Havre;Di;Basse mer;17:33;2.46;;3;Marée 3;marees_le_havre_2026_juin.docx
2026-06-28;Le Havre;Di;Pleine mer;23:02;7.24;61;4;Marée 4;marees_le_havre_2026_juin.docx
2026-06-29;Le Havre;Lu;Basse mer;05:56;2.19;;1;Marée 1;marees_le_havre_2026_juin.docx
2026-06-29;Le Havre;Lu;Pleine mer;11:29;7.14;63;2;Marée 2;marees_le_havre_2026_juin.docx
2026-06-29;Le Havre;Lu;Basse mer;18:16;2.33;;3;Marée 3;marees_le_havre_2026_juin.docx
2026-06-29;Le Havre;Lu;Pleine mer;23:38;7.34;65;4;Marée 4;marees_le_havre_2026_juin.docx
2026-06-30;Le Havre;Ma;Basse mer;06:37;2.04;;1;Marée 1;marees_le_havre_2026_juin.docx
2026-06-30;Le Havre;Ma;Pleine mer;12:04;7.23;67;2;Marée 2;marees_le_havre_2026_juin.docx
2026-06-30;Le Havre;Ma;Basse mer;18:55;2.23;;3;Marée 3;marees_le_havre_2026_juin.docx
2026-07-01;Le Havre;Me;Pleine mer;00:12;7.41;69;1;Marée 1;marees_le_havre_2026_juillet.docx
2026-07-01;Le Havre;Me;Basse mer;07:14;1.93;;2;Marée 2;marees_le_havre_2026_juillet.docx
2026-07-01;Le Havre;Me;Pleine mer;12:38;7.29;70;3;Marée 3;marees_le_havre_2026_juillet.docx
2026-07-01;Le Havre;Me;Basse mer;19:31;2.16;;4;Marée 4;marees_le_havre_2026_juillet.docx
2026-07-02;Le Havre;Je;Pleine mer;00:46;7.47;71;1;Marée 1;marees_le_havre_2026_juillet.docx
2026-07-02;Le Havre;Je;Basse mer;07:50;1.86;;2;Marée 2;marees_le_havre_2026_juillet.docx
2026-07-02;Le Havre;Je;Pleine mer;13:13;7.32;71;3;Marée 3;marees_le_havre_2026_juillet.docx
2026-07-02;Le Havre;Je;Basse mer;20:06;2.13;;4;Marée 4;marees_le_havre_2026_juillet.docx
2026-07-03;Le Havre;Ve;Pleine mer;01:21;7.51;72;1;Marée 1;marees_le_havre_2026_juillet.docx
2026-07-03;Le Havre;Ve;Basse mer;08:25;1.83;;2;Marée 2;marees_le_havre_2026_juillet.docx
2026-07-03;Le Havre;Ve;Pleine mer;13:48;7.33;72;3;Marée 3;marees_le_havre_2026_juillet.docx
2026-07-03;Le Havre;Ve;Basse mer;20:42;2.13;;4;Marée 4;marees_le_havre_2026_juillet.docx
2026-07-04;Le Havre;Sa;Pleine mer;01:57;7.49;71;1;Marée 1;marees_le_havre_2026_juillet.docx
2026-07-04;Le Havre;Sa;Basse mer;09:00;1.86;;2;Marée 2;marees_le_havre_2026_juillet.docx
2026-07-04;Le Havre;Sa;Pleine mer;14:25;7.31;70;3;Marée 3;marees_le_havre_2026_juillet.docx
2026-07-04;Le Havre;Sa;Basse mer;21:18;2.18;;4;Marée 4;marees_le_havre_2026_juillet.docx
2026-07-05;Le Havre;Di;Pleine mer;02:35;7.40;69;1;Marée 1;marees_le_havre_2026_juillet.docx
2026-07-05;Le Havre;Di;Basse mer;09:36;1.94;;2;Marée 2;marees_le_havre_2026_juillet.docx
2026-07-05;Le Havre;Di;Pleine mer;15:04;7.24;68;3;Marée 3;marees_le_havre_2026_juillet.docx
2026-07-05;Le Havre;Di;Basse mer;21:55;2.29;;4;Marée 4;marees_le_havre_2026_juillet.docx
2026-07-06;Le Havre;Lu;Pleine mer;03:15;7.27;66;1;Marée 1;marees_le_havre_2026_juillet.docx
2026-07-06;Le Havre;Lu;Basse mer;10:12;2.08;;2;Marée 2;marees_le_havre_2026_juillet.docx
2026-07-06;Le Havre;Lu;Pleine mer;15:45;7.13;64;3;Marée 3;marees_le_havre_2026_juillet.docx
2026-07-06;Le Havre;Lu;Basse mer;22:34;2.42;;4;Marée 4;marees_le_havre_2026_juillet.docx
2026-07-07;Le Havre;Ma;Pleine mer;03:58;7.12;61;1;Marée 1;marees_le_havre_2026_juillet.docx
2026-07-07;Le Havre;Ma;Basse mer;10:52;2.25;;2;Marée 2;marees_le_havre_2026_juillet.docx
2026-07-07;Le Havre;Ma;Pleine mer;16:28;7.02;59;3;Marée 3;marees_le_havre_2026_juillet.docx
2026-07-07;Le Havre;Ma;Basse mer;23:17;2.57;;4;Marée 4;marees_le_havre_2026_juillet.docx
2026-07-08;Le Havre;Me;Pleine mer;04:45;6.99;56;1;Marée 1;marees_le_havre_2026_juillet.docx
2026-07-08;Le Havre;Me;Basse mer;11:37;2.43;;2;Marée 2;marees_le_havre_2026_juillet.docx
2026-07-08;Le Havre;Me;Pleine mer;17:19;6.93;54;3;Marée 3;marees_le_havre_2026_juillet.docx
2026-07-09;Le Havre;Je;Basse mer;00:10;2.69;;1;Marée 1;marees_le_havre_2026_juillet.docx
2026-07-09;Le Havre;Je;Pleine mer;05:42;6.87;52;2;Marée 2;marees_le_havre_2026_juillet.docx
2026-07-09;Le Havre;Je;Basse mer;12:34;2.60;;3;Marée 3;marees_le_havre_2026_juillet.docx
2026-07-09;Le Havre;Je;Pleine mer;18:21;6.89;52;4;Marée 4;marees_le_havre_2026_juillet.docx
2026-07-10;Le Havre;Ve;Basse mer;01:15;2.74;;1;Marée 1;marees_le_havre_2026_juillet.docx
2026-07-10;Le Havre;Ve;Pleine mer;06:53;6.80;52;2;Marée 2;marees_le_havre_2026_juillet.docx
2026-07-10;Le Havre;Ve;Basse mer;13:47;2.67;;3;Marée 3;marees_le_havre_2026_juillet.docx
2026-07-10;Le Havre;Ve;Pleine mer;19:37;6.91;53;4;Marée 4;marees_le_havre_2026_juillet.docx
2026-07-11;Le Havre;Sa;Basse mer;02:37;2.60;;1;Marée 1;marees_le_havre_2026_juillet.docx
2026-07-11;Le Havre;Sa;Pleine mer;08:15;6.85;56;2;Marée 2;marees_le_havre_2026_juillet.docx
2026-07-11;Le Havre;Sa;Basse mer;15:13;2.52;;3;Marée 3;marees_le_havre_2026_juillet.docx
2026-07-11;Le Havre;Sa;Pleine mer;20:52;7.12;60;4;Marée 4;marees_le_havre_2026_juillet.docx
2026-07-12;Le Havre;Di;Basse mer;03:54;2.25;;1;Marée 1;marees_le_havre_2026_juillet.docx
2026-07-12;Le Havre;Di;Pleine mer;09:31;7.13;65;2;Marée 2;marees_le_havre_2026_juillet.docx
2026-07-12;Le Havre;Di;Basse mer;16:24;2.22;;3;Marée 3;marees_le_havre_2026_juillet.docx
2026-07-12;Le Havre;Di;Pleine mer;21:57;7.42;70;4;Marée 4;marees_le_havre_2026_juillet.docx
2026-07-13;Le Havre;Lu;Basse mer;04:59;1.85;;1;Marée 1;marees_le_havre_2026_juillet.docx
2026-07-13;Le Havre;Lu;Pleine mer;10:34;7.45;76;2;Marée 2;marees_le_havre_2026_juillet.docx
2026-07-13;Le Havre;Lu;Basse mer;17:27;1.91;;3;Marée 3;marees_le_havre_2026_juillet.docx
2026-07-13;Le Havre;Lu;Pleine mer;22:54;7.69;81;4;Marée 4;marees_le_havre_2026_juillet.docx
2026-07-14;Le Havre;Ma;Basse mer;06:02;1.50;;1;Marée 1;marees_le_havre_2026_juillet.docx
2026-07-14;Le Havre;Ma;Pleine mer;11:29;7.71;86;2;Marée 2;marees_le_havre_2026_juillet.docx
2026-07-14;Le Havre;Ma;Basse mer;18:29;1.66;;3;Marée 3;marees_le_havre_2026_juillet.docx
2026-07-14;Le Havre;Ma;Pleine mer;23:46;7.89;90;4;Marée 4;marees_le_havre_2026_juillet.docx
2026-07-15;Le Havre;Me;Basse mer;07:04;1.22;;1;Marée 1;marees_le_havre_2026_juillet.docx
2026-07-15;Le Havre;Me;Pleine mer;12:20;7.87;94;2;Marée 2;marees_le_havre_2026_juillet.docx
2026-07-15;Le Havre;Me;Basse mer;19:29;1.46;;3;Marée 3;marees_le_havre_2026_juillet.docx
2026-07-16;Le Havre;Je;Pleine mer;00:35;8.00;96;1;Marée 1;marees_le_havre_2026_juillet.docx
2026-07-16;Le Havre;Je;Basse mer;08:00;1.02;;2;Marée 2;marees_le_havre_2026_juillet.docx
2026-07-16;Le Havre;Je;Pleine mer;13:09;7.95;98;3;Marée 3;marees_le_havre_2026_juillet.docx
2026-07-16;Le Havre;Je;Basse mer;20:21;1.34;;4;Marée 4;marees_le_havre_2026_juillet.docx
2026-07-17;Le Havre;Ve;Pleine mer;01:22;8.02;98;1;Marée 1;marees_le_havre_2026_juillet.docx
2026-07-17;Le Havre;Ve;Basse mer;08:48;0.96;;2;Marée 2;marees_le_havre_2026_juillet.docx
2026-07-17;Le Havre;Ve;Pleine mer;13:55;7.93;97;3;Marée 3;marees_le_havre_2026_juillet.docx
2026-07-17;Le Havre;Ve;Basse mer;21:06;1.36;;4;Marée 4;marees_le_havre_2026_juillet.docx
2026-07-18;Le Havre;Sa;Pleine mer;02:07;7.94;94;1;Marée 1;marees_le_havre_2026_juillet.docx
2026-07-18;Le Havre;Sa;Basse mer;09:30;1.10;;2;Marée 2;marees_le_havre_2026_juillet.docx
2026-07-18;Le Havre;Sa;Pleine mer;14:39;7.80;91;3;Marée 3;marees_le_havre_2026_juillet.docx
2026-07-18;Le Havre;Sa;Basse mer;21:46;1.55;;4;Marée 4;marees_le_havre_2026_juillet.docx
2026-07-19;Le Havre;Di;Pleine mer;02:50;7.76;86;1;Marée 1;marees_le_havre_2026_juillet.docx
2026-07-19;Le Havre;Di;Basse mer;10:07;1.40;;2;Marée 2;marees_le_havre_2026_juillet.docx
2026-07-19;Le Havre;Di;Pleine mer;15:21;7.58;81;3;Marée 3;marees_le_havre_2026_juillet.docx
2026-07-19;Le Havre;Di;Basse mer;22:22;1.86;;4;Marée 4;marees_le_havre_2026_juillet.docx
2026-07-20;Le Havre;Lu;Pleine mer;03:31;7.48;75;1;Marée 1;marees_le_havre_2026_juillet.docx
2026-07-20;Le Havre;Lu;Basse mer;10:41;1.82;;2;Marée 2;marees_le_havre_2026_juillet.docx
2026-07-20;Le Havre;Lu;Pleine mer;16:02;7.31;69;3;Marée 3;marees_le_havre_2026_juillet.docx
2026-07-20;Le Havre;Lu;Basse mer;22:56;2.25;;4;Marée 4;marees_le_havre_2026_juillet.docx
2026-07-21;Le Havre;Ma;Pleine mer;04:12;7.15;63;1;Marée 1;marees_le_havre_2026_juillet.docx
2026-07-21;Le Havre;Ma;Basse mer;11:13;2.30;;2;Marée 2;marees_le_havre_2026_juillet.docx
2026-07-21;Le Havre;Ma;Pleine mer;16:44;7.01;57;3;Marée 3;marees_le_havre_2026_juillet.docx
2026-07-21;Le Havre;Ma;Basse mer;23:33;2.66;;4;Marée 4;marees_le_havre_2026_juillet.docx
2026-07-22;Le Havre;Me;Pleine mer;04:59;6.79;50;1;Marée 1;marees_le_havre_2026_juillet.docx
2026-07-22;Le Havre;Me;Basse mer;11:50;2.77;;2;Marée 2;marees_le_havre_2026_juillet.docx
2026-07-22;Le Havre;Me;Pleine mer;17:33;6.73;45;3;Marée 3;marees_le_havre_2026_juillet.docx
2026-07-23;Le Havre;Je;Basse mer;00:19;3.03;;1;Marée 1;marees_le_havre_2026_juillet.docx
2026-07-23;Le Havre;Je;Pleine mer;05:58;6.44;40;2;Marée 2;marees_le_havre_2026_juillet.docx
2026-07-23;Le Havre;Je;Basse mer;12:41;3.18;;3;Marée 3;marees_le_havre_2026_juillet.docx
2026-07-23;Le Havre;Je;Pleine mer;18:36;6.51;37;4;Marée 4;marees_le_havre_2026_juillet.docx
2026-07-24;Le Havre;Ve;Basse mer;01:22;3.27;;1;Marée 1;marees_le_havre_2026_juillet.docx
2026-07-24;Le Havre;Ve;Pleine mer;07:11;6.23;35;2;Marée 2;marees_le_havre_2026_juillet.docx
2026-07-24;Le Havre;Ve;Basse mer;13:54;3.41;;3;Marée 3;marees_le_havre_2026_juillet.docx
2026-07-24;Le Havre;Ve;Pleine mer;19:51;6.44;35;4;Marée 4;marees_le_havre_2026_juillet.docx
2026-07-25;Le Havre;Sa;Basse mer;02:42;3.25;;1;Marée 1;marees_le_havre_2026_juillet.docx
2026-07-25;Le Havre;Sa;Pleine mer;08:40;6.28;37;2;Marée 2;marees_le_havre_2026_juillet.docx
2026-07-25;Le Havre;Sa;Basse mer;15:17;3.32;;3;Marée 3;marees_le_havre_2026_juillet.docx
2026-07-25;Le Havre;Sa;Pleine mer;21:08;6.58;40;4;Marée 4;marees_le_havre_2026_juillet.docx
2026-07-26;Le Havre;Di;Basse mer;03:52;2.99;;1;Marée 1;marees_le_havre_2026_juillet.docx
2026-07-26;Le Havre;Di;Pleine mer;09:50;6.55;44;2;Marée 2;marees_le_havre_2026_juillet.docx
2026-07-26;Le Havre;Di;Basse mer;16:21;3.02;;3;Marée 3;marees_le_havre_2026_juillet.docx
2026-07-26;Le Havre;Di;Pleine mer;22:05;6.84;48;4;Marée 4;marees_le_havre_2026_juillet.docx
2026-07-27;Le Havre;Lu;Basse mer;04:48;2.63;;1;Marée 1;marees_le_havre_2026_juillet.docx
2026-07-27;Le Havre;Lu;Pleine mer;10:37;6.85;53;2;Marée 2;marees_le_havre_2026_juillet.docx
2026-07-27;Le Havre;Lu;Basse mer;17:14;2.68;;3;Marée 3;marees_le_havre_2026_juillet.docx
2026-07-27;Le Havre;Lu;Pleine mer;22:46;7.11;57;4;Marée 4;marees_le_havre_2026_juillet.docx
2026-07-28;Le Havre;Ma;Basse mer;05:38;2.31;;1;Marée 1;marees_le_havre_2026_juillet.docx
2026-07-28;Le Havre;Ma;Pleine mer;11:14;7.12;61;2;Marée 2;marees_le_havre_2026_juillet.docx
2026-07-28;Le Havre;Ma;Basse mer;18:00;2.39;;3;Marée 3;marees_le_havre_2026_juillet.docx
2026-07-28;Le Havre;Ma;Pleine mer;23:22;7.34;65;4;Marée 4;marees_le_havre_2026_juillet.docx
2026-07-29;Le Havre;Me;Basse mer;06:22;2.03;;1;Marée 1;marees_le_havre_2026_juillet.docx
2026-07-29;Le Havre;Me;Pleine mer;11:48;7.31;69;2;Marée 2;marees_le_havre_2026_juillet.docx
2026-07-29;Le Havre;Me;Basse mer;18:42;2.16;;3;Marée 3;marees_le_havre_2026_juillet.docx
2026-07-29;Le Havre;Me;Pleine mer;23:56;7.52;72;4;Marée 4;marees_le_havre_2026_juillet.docx
2026-07-30;Le Havre;Je;Basse mer;07:02;1.82;;1;Marée 1;marees_le_havre_2026_juillet.docx
2026-07-30;Le Havre;Je;Pleine mer;12:21;7.44;75;2;Marée 2;marees_le_havre_2026_juillet.docx
2026-07-30;Le Havre;Je;Basse mer;19:19;1.98;;3;Marée 3;marees_le_havre_2026_juillet.docx
2026-07-31;Le Havre;Ve;Pleine mer;00:30;7.65;78;1;Marée 1;marees_le_havre_2026_juillet.docx
2026-07-31;Le Havre;Ve;Basse mer;07:38;1.65;;2;Marée 2;marees_le_havre_2026_juillet.docx
2026-07-31;Le Havre;Ve;Pleine mer;12:55;7.53;80;3;Marée 3;marees_le_havre_2026_juillet.docx
2026-07-31;Le Havre;Ve;Basse mer;19:55;1.85;;4;Marée 4;marees_le_havre_2026_juillet.docx
2026-08-01;Le Havre;Sa;Pleine mer;01:04;7.74;82;1;Marée 1;marees_le_havre_2026_aout.docx
2026-08-01;Le Havre;Sa;Basse mer;08:13;1.54;;2;Marée 2;marees_le_havre_2026_aout.docx
2026-08-01;Le Havre;Sa;Pleine mer;13:29;7.60;83;3;Marée 3;marees_le_havre_2026_aout.docx
2026-08-01;Le Havre;Sa;Basse mer;20:29;1.76;;4;Marée 4;marees_le_havre_2026_aout.docx
2026-08-02;Le Havre;Di;Pleine mer;01:39;7.75;83;1;Marée 1;marees_le_havre_2026_aout.docx
2026-08-02;Le Havre;Di;Basse mer;08:46;1.50;;2;Marée 2;marees_le_havre_2026_aout.docx
2026-08-02;Le Havre;Di;Pleine mer;14:04;7.61;83;3;Marée 3;marees_le_havre_2026_aout.docx
2026-08-02;Le Havre;Di;Basse mer;21:03;1.76;;4;Marée 4;marees_le_havre_2026_aout.docx
2026-08-03;Le Havre;Lu;Pleine mer;02:15;7.70;82;1;Marée 1;marees_le_havre_2026_aout.docx
2026-08-03;Le Havre;Lu;Basse mer;09:18;1.57;;2;Marée 2;marees_le_havre_2026_aout.docx
2026-08-03;Le Havre;Lu;Pleine mer;14:40;7.56;80;3;Marée 3;marees_le_havre_2026_aout.docx
2026-08-03;Le Havre;Lu;Basse mer;21:36;1.86;;4;Marée 4;marees_le_havre_2026_aout.docx
2026-08-04;Le Havre;Ma;Pleine mer;02:52;7.57;77;1;Marée 1;marees_le_havre_2026_aout.docx
2026-08-04;Le Havre;Ma;Basse mer;09:53;1.75;;2;Marée 2;marees_le_havre_2026_aout.docx
2026-08-04;Le Havre;Ma;Pleine mer;15:16;7.43;74;3;Marée 3;marees_le_havre_2026_aout.docx
2026-08-04;Le Havre;Ma;Basse mer;22:11;2.06;;4;Marée 4;marees_le_havre_2026_aout.docx
2026-08-05;Le Havre;Me;Pleine mer;03:30;7.36;70;1;Marée 1;marees_le_havre_2026_aout.docx
2026-08-05;Le Havre;Me;Basse mer;10:26;2.02;;2;Marée 2;marees_le_havre_2026_aout.docx
2026-08-05;Le Havre;Me;Pleine mer;15:54;7.23;66;3;Marée 3;marees_le_havre_2026_aout.docx
2026-08-05;Le Havre;Me;Basse mer;22:48;2.32;;4;Marée 4;marees_le_havre_2026_aout.docx
2026-08-06;Le Havre;Je;Pleine mer;04:13;7.14;61;1;Marée 1;marees_le_havre_2026_aout.docx
2026-08-06;Le Havre;Je;Basse mer;11:05;2.35;;2;Marée 2;marees_le_havre_2026_aout.docx
2026-08-06;Le Havre;Je;Pleine mer;16:39;7.05;57;3;Marée 3;marees_le_havre_2026_aout.docx
2026-08-06;Le Havre;Je;Basse mer;23:35;2.62;;4;Marée 4;marees_le_havre_2026_aout.docx
2026-08-07;Le Havre;Ve;Pleine mer;05:07;6.86;52;1;Marée 1;marees_le_havre_2026_aout.docx
2026-08-07;Le Havre;Ve;Basse mer;11:56;2.72;;2;Marée 2;marees_le_havre_2026_aout.docx
2026-08-07;Le Havre;Ve;Pleine mer;17:42;6.82;48;3;Marée 3;marees_le_havre_2026_aout.docx
2026-08-08;Le Havre;Sa;Basse mer;00:38;2.88;;1;Marée 1;marees_le_havre_2026_aout.docx
2026-08-08;Le Havre;Sa;Pleine mer;06:27;6.61;46;2;Marée 2;marees_le_havre_2026_aout.docx
2026-08-08;Le Havre;Sa;Basse mer;13:13;3.00;;3;Marée 3;marees_le_havre_2026_aout.docx
2026-08-08;Le Havre;Sa;Pleine mer;19:14;6.71;46;4;Marée 4;marees_le_havre_2026_aout.docx
2026-08-09;Le Havre;Di;Basse mer;02:15;2.87;;1;Marée 1;marees_le_havre_2026_aout.docx
2026-08-09;Le Havre;Di;Pleine mer;08:08;6.68;48;2;Marée 2;marees_le_havre_2026_aout.docx
2026-08-09;Le Havre;Di;Basse mer;14:57;2.88;;3;Marée 3;marees_le_havre_2026_aout.docx
2026-08-09;Le Havre;Di;Pleine mer;20:44;6.95;53;4;Marée 4;marees_le_havre_2026_aout.docx
2026-08-10;Le Havre;Lu;Basse mer;03:41;2.45;;1;Marée 1;marees_le_havre_2026_aout.docx
2026-08-10;Le Havre;Lu;Pleine mer;09:28;7.05;59;2;Marée 2;marees_le_havre_2026_aout.docx
2026-08-10;Le Havre;Lu;Basse mer;16:13;2.45;;3;Marée 3;marees_le_havre_2026_aout.docx
2026-08-10;Le Havre;Lu;Pleine mer;21:52;7.34;66;4;Marée 4;marees_le_havre_2026_aout.docx
2026-08-11;Le Havre;Ma;Basse mer;04:50;1.95;;1;Marée 1;marees_le_havre_2026_aout.docx
2026-08-11;Le Havre;Ma;Pleine mer;10:30;7.45;74;2;Marée 2;marees_le_havre_2026_aout.docx
2026-08-11;Le Havre;Ma;Basse mer;17:21;2.01;;3;Marée 3;marees_le_havre_2026_aout.docx
2026-08-11;Le Havre;Ma;Pleine mer;22:47;7.69;81;4;Marée 4;marees_le_havre_2026_aout.docx
2026-08-12;Le Havre;Me;Basse mer;05:59;1.50;;1;Marée 1;marees_le_havre_2026_aout.docx
2026-08-12;Le Havre;Me;Pleine mer;11:21;7.76;87;2;Marée 2;marees_le_havre_2026_aout.docx
2026-08-12;Le Havre;Me;Basse mer;18:28;1.62;;3;Marée 3;marees_le_havre_2026_aout.docx
2026-08-12;Le Havre;Me;Pleine mer;23:35;7.94;93;4;Marée 4;marees_le_havre_2026_aout.docx
2026-08-13;Le Havre;Je;Basse mer;07:00;1.13;;1;Marée 1;marees_le_havre_2026_aout.docx
2026-08-13;Le Havre;Je;Pleine mer;12:07;7.94;97;2;Marée 2;marees_le_havre_2026_aout.docx
2026-08-13;Le Havre;Je;Basse mer;19:22;1.33;;3;Marée 3;marees_le_havre_2026_aout.docx
2026-08-14;Le Havre;Ve;Pleine mer;00:20;8.09;100;1;Marée 1;marees_le_havre_2026_aout.docx
2026-08-14;Le Havre;Ve;Basse mer;07:48;0.92;;2;Marée 2;marees_le_havre_2026_aout.docx
2026-08-14;Le Havre;Ve;Pleine mer;12:50;8.02;102;3;Marée 3;marees_le_havre_2026_aout.docx
2026-08-14;Le Havre;Ve;Basse mer;20:06;1.19;;4;Marée 4;marees_le_havre_2026_aout.docx
2026-08-15;Le Havre;Sa;Pleine mer;01:01;8.12;102;1;Marée 1;marees_le_havre_2026_aout.docx
2026-08-15;Le Havre;Sa;Basse mer;08:29;0.90;;2;Marée 2;marees_le_havre_2026_aout.docx
2026-08-15;Le Havre;Sa;Pleine mer;13:30;8.00;101;3;Marée 3;marees_le_havre_2026_aout.docx
2026-08-15;Le Havre;Sa;Basse mer;20:43;1.24;;4;Marée 4;marees_le_havre_2026_aout.docx
2026-08-16;Le Havre;Di;Pleine mer;01:41;8.05;98;1;Marée 1;marees_le_havre_2026_aout.docx
2026-08-16;Le Havre;Di;Basse mer;09:03;1.08;;2;Marée 2;marees_le_havre_2026_aout.docx
2026-08-16;Le Havre;Di;Pleine mer;14:08;7.89;95;3;Marée 3;marees_le_havre_2026_aout.docx
2026-08-16;Le Havre;Di;Basse mer;21:15;1.44;;4;Marée 4;marees_le_havre_2026_aout.docx
2026-08-17;Le Havre;Lu;Pleine mer;02:19;7.87;90;1;Marée 1;marees_le_havre_2026_aout.docx
2026-08-17;Le Havre;Lu;Basse mer;09:32;1.42;;2;Marée 2;marees_le_havre_2026_aout.docx
2026-08-17;Le Havre;Lu;Pleine mer;14:44;7.69;84;3;Marée 3;marees_le_havre_2026_aout.docx
2026-08-17;Le Havre;Lu;Basse mer;21:44;1.78;;4;Marée 4;marees_le_havre_2026_aout.docx
2026-08-18;Le Havre;Ma;Pleine mer;02:54;7.58;78;1;Marée 1;marees_le_havre_2026_aout.docx
2026-08-18;Le Havre;Ma;Basse mer;09:58;1.87;;2;Marée 2;marees_le_havre_2026_aout.docx
2026-08-18;Le Havre;Ma;Pleine mer;15:17;7.42;71;3;Marée 3;marees_le_havre_2026_aout.docx
2026-08-18;Le Havre;Ma;Basse mer;22:10;2.21;;4;Marée 4;marees_le_havre_2026_aout.docx
2026-08-19;Le Havre;Me;Pleine mer;03:28;7.23;64;1;Marée 1;marees_le_havre_2026_aout.docx
2026-08-19;Le Havre;Me;Basse mer;10:21;2.39;;2;Marée 2;marees_le_havre_2026_aout.docx
2026-08-19;Le Havre;Me;Pleine mer;15:51;7.10;57;3;Marée 3;marees_le_havre_2026_aout.docx
2026-08-19;Le Havre;Me;Basse mer;22:36;2.67;;4;Marée 4;marees_le_havre_2026_aout.docx
2026-08-20;Le Havre;Je;Pleine mer;04:05;6.80;49;1;Marée 1;marees_le_havre_2026_aout.docx
2026-08-20;Le Havre;Je;Basse mer;10:49;2.92;;2;Marée 2;marees_le_havre_2026_aout.docx
2026-08-20;Le Havre;Je;Pleine mer;16:30;6.73;42;3;Marée 3;marees_le_havre_2026_aout.docx
2026-08-20;Le Havre;Je;Basse mer;23:12;3.14;;4;Marée 4;marees_le_havre_2026_aout.docx
2026-08-21;Le Havre;Ve;Pleine mer;04:57;6.33;36;1;Marée 1;marees_le_havre_2026_aout.docx
2026-08-21;Le Havre;Ve;Basse mer;11:34;3.45;;2;Marée 2;marees_le_havre_2026_aout.docx
2026-08-21;Le Havre;Ve;Pleine mer;17:32;6.32;30;3;Marée 3;marees_le_havre_2026_aout.docx
2026-08-22;Le Havre;Sa;Basse mer;00:15;3.55;;1;Marée 1;marees_le_havre_2026_aout.docx
2026-08-22;Le Havre;Sa;Pleine mer;06:22;5.99;27;2;Marée 2;marees_le_havre_2026_aout.docx
2026-08-22;Le Havre;Sa;Basse mer;12:52;3.84;;3;Marée 3;marees_le_havre_2026_aout.docx
2026-08-22;Le Havre;Sa;Pleine mer;19:06;6.12;26;4;Marée 4;marees_le_havre_2026_aout.docx
2026-08-23;Le Havre;Di;Basse mer;01:54;3.66;;1;Marée 1;marees_le_havre_2026_aout.docx
2026-08-23;Le Havre;Di;Pleine mer;08:10;6.02;28;2;Marée 2;marees_le_havre_2026_aout.docx
2026-08-23;Le Havre;Di;Basse mer;14:46;3.75;;3;Marée 3;marees_le_havre_2026_aout.docx
2026-08-23;Le Havre;Di;Pleine mer;20:41;6.28;32;4;Marée 4;marees_le_havre_2026_aout.docx
2026-08-24;Le Havre;Lu;Basse mer;03:26;3.29;;1;Marée 1;marees_le_havre_2026_aout.docx
2026-08-24;Le Havre;Lu;Pleine mer;09:29;6.39;38;2;Marée 2;marees_le_havre_2026_aout.docx
2026-08-24;Le Havre;Lu;Basse mer;16:01;3.26;;3;Marée 3;marees_le_havre_2026_aout.docx
2026-08-24;Le Havre;Lu;Pleine mer;21:43;6.67;44;4;Marée 4;marees_le_havre_2026_aout.docx
2026-08-25;Le Havre;Ma;Basse mer;04:27;2.78;;1;Marée 1;marees_le_havre_2026_aout.docx
2026-08-25;Le Havre;Ma;Pleine mer;10:15;6.82;51;2;Marée 2;marees_le_havre_2026_aout.docx
2026-08-25;Le Havre;Ma;Basse mer;16:55;2.74;;3;Marée 3;marees_le_havre_2026_aout.docx
2026-08-25;Le Havre;Ma;Pleine mer;22:25;7.08;57;4;Marée 4;marees_le_havre_2026_aout.docx
2026-08-26;Le Havre;Me;Basse mer;05:17;2.30;;1;Marée 1;marees_le_havre_2026_aout.docx
2026-08-26;Le Havre;Me;Pleine mer;10:50;7.19;63;2;Marée 2;marees_le_havre_2026_aout.docx
2026-08-26;Le Havre;Me;Basse mer;17:41;2.31;;3;Marée 3;marees_le_havre_2026_aout.docx
2026-08-26;Le Havre;Me;Pleine mer;23:00;7.43;68;4;Marée 4;marees_le_havre_2026_aout.docx
2026-08-27;Le Havre;Je;Basse mer;06:02;1.92;;1;Marée 1;marees_le_havre_2026_aout.docx
2026-08-27;Le Havre;Je;Pleine mer;11:23;7.47;74;2;Marée 2;marees_le_havre_2026_aout.docx
2026-08-27;Le Havre;Je;Basse mer;18:22;1.98;;3;Marée 3;marees_le_havre_2026_aout.docx
2026-08-27;Le Havre;Je;Pleine mer;23:33;7.69;78;4;Marée 4;marees_le_havre_2026_aout.docx
2026-08-28;Le Havre;Ve;Basse mer;06:41;1.64;;1;Marée 1;marees_le_havre_2026_aout.docx
2026-08-28;Le Havre;Ve;Pleine mer;11:56;7.65;83;2;Marée 2;marees_le_havre_2026_aout.docx
2026-08-28;Le Havre;Ve;Basse mer;18:59;1.74;;3;Marée 3;marees_le_havre_2026_aout.docx
2026-08-29;Le Havre;Sa;Pleine mer;00:06;7.86;86;1;Marée 1;marees_le_havre_2026_aout.docx
2026-08-29;Le Havre;Sa;Basse mer;07:17;1.43;;2;Marée 2;marees_le_havre_2026_aout.docx
2026-08-29;Le Havre;Sa;Pleine mer;12:30;7.77;89;3;Marée 3;marees_le_havre_2026_aout.docx
2026-08-29;Le Havre;Sa;Basse mer;19:33;1.57;;4;Marée 4;marees_le_havre_2026_aout.docx
2026-08-30;Le Havre;Di;Pleine mer;00:40;7.96;91;1;Marée 1;marees_le_havre_2026_aout.docx
2026-08-30;Le Havre;Di;Basse mer;07:51;1.30;;2;Marée 2;marees_le_havre_2026_aout.docx
2026-08-30;Le Havre;Di;Pleine mer;13:03;7.85;93;3;Marée 3;marees_le_havre_2026_aout.docx
2026-08-30;Le Havre;Di;Basse mer;20:07;1.46;;4;Marée 4;marees_le_havre_2026_aout.docx
2026-08-31;Le Havre;Lu;Pleine mer;01:15;7.98;93;1;Marée 1;marees_le_havre_2026_aout.docx
2026-08-31;Le Havre;Lu;Basse mer;08:24;1.26;;2;Marée 2;marees_le_havre_2026_aout.docx
2026-08-31;Le Havre;Lu;Pleine mer;13:38;7.87;93;3;Marée 3;marees_le_havre_2026_aout.docx
2026-08-31;Le Havre;Lu;Basse mer;20:41;1.46;;4;Marée 4;marees_le_havre_2026_aout.docx
2026-09-01;Le Havre;Ma;Pleine mer;01:51;7.93;91;1;Marée 1;marees_le_havre_2026_septembre.docx
2026-09-01;Le Havre;Ma;Basse mer;08:56;1.37;;2;Marée 2;marees_le_havre_2026_septembre.docx
2026-09-01;Le Havre;Ma;Pleine mer;14:13;7.79;89;3;Marée 3;marees_le_havre_2026_septembre.docx
2026-09-01;Le Havre;Ma;Basse mer;21:15;1.60;;4;Marée 4;marees_le_havre_2026_septembre.docx
2026-09-02;Le Havre;Me;Pleine mer;02:29;7.76;85;1;Marée 1;marees_le_havre_2026_septembre.docx
2026-09-02;Le Havre;Me;Basse mer;09:29;1.62;;2;Marée 2;marees_le_havre_2026_septembre.docx
2026-09-02;Le Havre;Me;Pleine mer;14:49;7.61;81;3;Marée 3;marees_le_havre_2026_septembre.docx
2026-09-02;Le Havre;Me;Basse mer;21:48;1.87;;4;Marée 4;marees_le_havre_2026_septembre.docx
2026-09-03;Le Havre;Je;Pleine mer;03:07;7.49;75;1;Marée 1;marees_le_havre_2026_septembre.docx
2026-09-03;Le Havre;Je;Basse mer;10:01;2.01;;2;Marée 2;marees_le_havre_2026_septembre.docx
2026-09-03;Le Havre;Je;Pleine mer;15:26;7.37;69;3;Marée 3;marees_le_havre_2026_septembre.docx
2026-09-03;Le Havre;Je;Basse mer;22:24;2.24;;4;Marée 4;marees_le_havre_2026_septembre.docx
2026-09-04;Le Havre;Ve;Pleine mer;03:51;7.13;62;1;Marée 1;marees_le_havre_2026_septembre.docx
2026-09-04;Le Havre;Ve;Basse mer;10:40;2.47;;2;Marée 2;marees_le_havre_2026_septembre.docx
2026-09-04;Le Havre;Ve;Pleine mer;16:13;7.04;55;3;Marée 3;marees_le_havre_2026_septembre.docx
2026-09-04;Le Havre;Ve;Basse mer;23:10;2.67;;4;Marée 4;marees_le_havre_2026_septembre.docx
2026-09-05;Le Havre;Sa;Pleine mer;04:51;6.75;48;1;Marée 1;marees_le_havre_2026_septembre.docx
2026-09-05;Le Havre;Sa;Basse mer;11:33;2.97;;2;Marée 2;marees_le_havre_2026_septembre.docx
2026-09-05;Le Havre;Sa;Pleine mer;17:24;6.69;43;3;Marée 3;marees_le_havre_2026_septembre.docx
2026-09-06;Le Havre;Di;Basse mer;00:18;3.05;;1;Marée 1;marees_le_havre_2026_septembre.docx
2026-09-06;Le Havre;Di;Pleine mer;06:28;6.48;40;2;Marée 2;marees_le_havre_2026_septembre.docx
2026-09-06;Le Havre;Di;Basse mer;13:03;3.32;;3;Marée 3;marees_le_havre_2026_septembre.docx
2026-09-06;Le Havre;Di;Pleine mer;19:13;6.59;41;4;Marée 4;marees_le_havre_2026_septembre.docx
2026-09-07;Le Havre;Lu;Basse mer;02:11;3.01;;1;Marée 1;marees_le_havre_2026_septembre.docx
2026-09-07;Le Havre;Lu;Pleine mer;08:12;6.67;45;2;Marée 2;marees_le_havre_2026_septembre.docx
2026-09-07;Le Havre;Lu;Basse mer;14:54;3.04;;3;Marée 3;marees_le_havre_2026_septembre.docx
2026-09-07;Le Havre;Lu;Pleine mer;20:42;6.91;52;4;Marée 4;marees_le_havre_2026_septembre.docx
2026-09-08;Le Havre;Ma;Basse mer;03:37;2.48;;1;Marée 1;marees_le_havre_2026_septembre.docx
2026-09-08;Le Havre;Ma;Pleine mer;09:26;7.12;60;2;Marée 2;marees_le_havre_2026_septembre.docx
2026-09-08;Le Havre;Ma;Basse mer;16:11;2.47;;3;Marée 3;marees_le_havre_2026_septembre.docx
2026-09-08;Le Havre;Ma;Pleine mer;21:45;7.35;68;4;Marée 4;marees_le_havre_2026_septembre.docx
2026-09-09;Le Havre;Me;Basse mer;04:49;1.90;;1;Marée 1;marees_le_havre_2026_septembre.docx
2026-09-09;Le Havre;Me;Pleine mer;10:20;7.54;76;2;Marée 2;marees_le_havre_2026_septembre.docx
2026-09-09;Le Havre;Me;Basse mer;17:21;1.93;;3;Marée 3;marees_le_havre_2026_septembre.docx
2026-09-09;Le Havre;Me;Pleine mer;22:35;7.73;83;4;Marée 4;marees_le_havre_2026_septembre.docx
2026-09-10;Le Havre;Je;Basse mer;05:54;1.42;;1;Marée 1;marees_le_havre_2026_septembre.docx
2026-09-10;Le Havre;Je;Pleine mer;11:05;7.84;90;2;Marée 2;marees_le_havre_2026_septembre.docx
2026-09-10;Le Havre;Je;Basse mer;18:18;1.51;;3;Marée 3;marees_le_havre_2026_septembre.docx
2026-09-10;Le Havre;Je;Pleine mer;23:18;7.98;95;4;Marée 4;marees_le_havre_2026_septembre.docx
2026-09-11;Le Havre;Ve;Basse mer;06:44;1.11;;1;Marée 1;marees_le_havre_2026_septembre.docx
2026-09-11;Le Havre;Ve;Pleine mer;11:46;7.99;98;2;Marée 2;marees_le_havre_2026_septembre.docx
2026-09-11;Le Havre;Ve;Basse mer;19:03;1.28;;3;Marée 3;marees_le_havre_2026_septembre.docx
2026-09-11;Le Havre;Ve;Pleine mer;23:58;8.12;101;4;Marée 4;marees_le_havre_2026_septembre.docx
2026-09-12;Le Havre;Sa;Basse mer;07:25;1.00;;1;Marée 1;marees_le_havre_2026_septembre.docx
2026-09-12;Le Havre;Sa;Pleine mer;12:24;8.03;102;2;Marée 2;marees_le_havre_2026_septembre.docx
2026-09-12;Le Havre;Sa;Basse mer;19:40;1.22;;3;Marée 3;marees_le_havre_2026_septembre.docx
2026-09-13;Le Havre;Di;Pleine mer;00:36;8.14;101;1;Marée 1;marees_le_havre_2026_septembre.docx
2026-09-13;Le Havre;Di;Basse mer;07:58;1.07;;2;Marée 2;marees_le_havre_2026_septembre.docx
2026-09-13;Le Havre;Di;Pleine mer;13:00;8.01;100;3;Marée 3;marees_le_havre_2026_septembre.docx
2026-09-13;Le Havre;Di;Basse mer;20:11;1.30;;4;Marée 4;marees_le_havre_2026_septembre.docx
2026-09-14;Le Havre;Lu;Pleine mer;01:11;8.04;97;1;Marée 1;marees_le_havre_2026_septembre.docx
2026-09-14;Le Havre;Lu;Basse mer;08:28;1.27;;2;Marée 2;marees_le_havre_2026_septembre.docx
2026-09-14;Le Havre;Lu;Pleine mer;13:34;7.91;93;3;Marée 3;marees_le_havre_2026_septembre.docx
2026-09-14;Le Havre;Lu;Basse mer;20:40;1.49;;4;Marée 4;marees_le_havre_2026_septembre.docx
2026-09-15;Le Havre;Ma;Pleine mer;01:46;7.85;89;1;Marée 1;marees_le_havre_2026_septembre.docx
2026-09-15;Le Havre;Ma;Basse mer;08:54;1.59;;2;Marée 2;marees_le_havre_2026_septembre.docx
2026-09-15;Le Havre;Ma;Pleine mer;14:05;7.72;83;3;Marée 3;marees_le_havre_2026_septembre.docx
2026-09-15;Le Havre;Ma;Basse mer;21:06;1.81;;4;Marée 4;marees_le_havre_2026_septembre.docx
2026-09-16;Le Havre;Me;Pleine mer;02:18;7.57;77;1;Marée 1;marees_le_havre_2026_septembre.docx
2026-09-16;Le Havre;Me;Basse mer;09:17;2.02;;2;Marée 2;marees_le_havre_2026_septembre.docx
2026-09-16;Le Havre;Me;Pleine mer;14:35;7.47;70;3;Marée 3;marees_le_havre_2026_septembre.docx
2026-09-16;Le Havre;Me;Basse mer;21:28;2.21;;4;Marée 4;marees_le_havre_2026_septembre.docx
2026-09-17;Le Havre;Je;Pleine mer;02:49;7.22;63;1;Marée 1;marees_le_havre_2026_septembre.docx
2026-09-17;Le Havre;Je;Basse mer;09:37;2.51;;2;Marée 2;marees_le_havre_2026_septembre.docx
2026-09-17;Le Havre;Je;Pleine mer;15:04;7.15;56;3;Marée 3;marees_le_havre_2026_septembre.docx
2026-09-17;Le Havre;Je;Basse mer;21:51;2.65;;4;Marée 4;marees_le_havre_2026_septembre.docx
2026-09-18;Le Havre;Ve;Pleine mer;03:22;6.80;49;1;Marée 1;marees_le_havre_2026_septembre.docx
2026-09-18;Le Havre;Ve;Basse mer;10:02;3.03;;2;Marée 2;marees_le_havre_2026_septembre.docx
2026-09-18;Le Havre;Ve;Pleine mer;15:38;6.74;41;3;Marée 3;marees_le_havre_2026_septembre.docx
2026-09-18;Le Havre;Ve;Basse mer;22:26;3.13;;4;Marée 4;marees_le_havre_2026_septembre.docx
2026-09-19;Le Havre;Sa;Pleine mer;04:06;6.34;35;1;Marée 1;marees_le_havre_2026_septembre.docx
2026-09-19;Le Havre;Sa;Basse mer;10:42;3.57;;2;Marée 2;marees_le_havre_2026_septembre.docx
2026-09-19;Le Havre;Sa;Pleine mer;16:31;6.28;28;3;Marée 3;marees_le_havre_2026_septembre.docx
2026-09-19;Le Havre;Sa;Basse mer;23:20;3.60;;4;Marée 4;marees_le_havre_2026_septembre.docx
2026-09-20;Le Havre;Di;Pleine mer;05:29;5.95;24;1;Marée 1;marees_le_havre_2026_septembre.docx
2026-09-20;Le Havre;Di;Basse mer;11:58;4.02;;2;Marée 2;marees_le_havre_2026_septembre.docx
2026-09-20;Le Havre;Di;Pleine mer;18:17;5.98;22;3;Marée 3;marees_le_havre_2026_septembre.docx
2026-09-21;Le Havre;Lu;Basse mer;00:59;3.84;;1;Marée 1;marees_le_havre_2026_septembre.docx
2026-09-21;Le Havre;Lu;Pleine mer;07:29;5.95;24;2;Marée 2;marees_le_havre_2026_septembre.docx
2026-09-21;Le Havre;Lu;Basse mer;14:05;3.98;;3;Marée 3;marees_le_havre_2026_septembre.docx
2026-09-21;Le Havre;Lu;Pleine mer;20:01;6.13;29;4;Marée 4;marees_le_havre_2026_septembre.docx
2026-09-22;Le Havre;Ma;Basse mer;02:50;3.48;;1;Marée 1;marees_le_havre_2026_septembre.docx
2026-09-22;Le Havre;Ma;Pleine mer;08:50;6.34;35;2;Marée 2;marees_le_havre_2026_septembre.docx
2026-09-22;Le Havre;Ma;Basse mer;15:31;3.39;;3;Marée 3;marees_le_havre_2026_septembre.docx
2026-09-22;Le Havre;Ma;Pleine mer;21:07;6.58;42;4;Marée 4;marees_le_havre_2026_septembre.docx
2026-09-23;Le Havre;Me;Basse mer;03:54;2.87;;1;Marée 1;marees_le_havre_2026_septembre.docx
2026-09-23;Le Havre;Me;Pleine mer;09:39;6.84;50;2;Marée 2;marees_le_havre_2026_septembre.docx
2026-09-23;Le Havre;Me;Basse mer;16:24;2.77;;3;Marée 3;marees_le_havre_2026_septembre.docx
2026-09-23;Le Havre;Me;Pleine mer;21:51;7.07;57;4;Marée 4;marees_le_havre_2026_septembre.docx
2026-09-24;Le Havre;Je;Basse mer;04:44;2.32;;1;Marée 1;marees_le_havre_2026_septembre.docx
2026-09-24;Le Havre;Je;Pleine mer;10:17;7.28;64;2;Marée 2;marees_le_havre_2026_septembre.docx
2026-09-24;Le Havre;Je;Basse mer;17:08;2.26;;3;Marée 3;marees_le_havre_2026_septembre.docx
2026-09-24;Le Havre;Je;Pleine mer;22:28;7.49;71;4;Marée 4;marees_le_havre_2026_septembre.docx
2026-09-25;Le Havre;Ve;Basse mer;05:28;1.88;;1;Marée 1;marees_le_havre_2026_septembre.docx
2026-09-25;Le Havre;Ve;Pleine mer;10:51;7.61;77;2;Marée 2;marees_le_havre_2026_septembre.docx
2026-09-25;Le Havre;Ve;Basse mer;17:50;1.88;;3;Marée 3;marees_le_havre_2026_septembre.docx
2026-09-25;Le Havre;Ve;Pleine mer;23:03;7.80;82;4;Marée 4;marees_le_havre_2026_septembre.docx
2026-09-26;Le Havre;Sa;Basse mer;06:09;1.56;;1;Marée 1;marees_le_havre_2026_septembre.docx
2026-09-26;Le Havre;Sa;Pleine mer;11:25;7.82;87;2;Marée 2;marees_le_havre_2026_septembre.docx
2026-09-26;Le Havre;Sa;Basse mer;18:28;1.60;;3;Marée 3;marees_le_havre_2026_septembre.docx
2026-09-26;Le Havre;Sa;Pleine mer;23:38;7.99;92;4;Marée 4;marees_le_havre_2026_septembre.docx
2026-09-27;Le Havre;Di;Basse mer;06:46;1.34;;1;Marée 1;marees_le_havre_2026_septembre.docx
2026-09-27;Le Havre;Di;Pleine mer;11:59;7.95;95;2;Marée 2;marees_le_havre_2026_septembre.docx
2026-09-27;Le Havre;Di;Basse mer;19:05;1.40;;3;Marée 3;marees_le_havre_2026_septembre.docx
2026-09-28;Le Havre;Lu;Pleine mer;00:13;8.09;97;1;Marée 1;marees_le_havre_2026_septembre.docx
2026-09-28;Le Havre;Lu;Basse mer;07:22;1.21;;2;Marée 2;marees_le_havre_2026_septembre.docx
2026-09-28;Le Havre;Lu;Pleine mer;12:34;8.02;99;3;Marée 3;marees_le_havre_2026_septembre.docx
2026-09-28;Le Havre;Lu;Basse mer;19:42;1.29;;4;Marée 4;marees_le_havre_2026_septembre.docx
2026-09-29;Le Havre;Ma;Pleine mer;00:50;8.11;99;1;Marée 1;marees_le_havre_2026_septembre.docx
2026-09-29;Le Havre;Ma;Basse mer;07:58;1.20;;2;Marée 2;marees_le_havre_2026_septembre.docx
2026-09-29;Le Havre;Ma;Pleine mer;13:10;8.02;98;3;Marée 3;marees_le_havre_2026_septembre.docx
2026-09-29;Le Havre;Ma;Basse mer;20:18;1.30;;4;Marée 4;marees_le_havre_2026_septembre.docx
2026-09-30;Le Havre;Me;Pleine mer;01:29;8.03;96;1;Marée 1;marees_le_havre_2026_septembre.docx
2026-09-30;Le Havre;Me;Basse mer;08:33;1.36;;2;Marée 2;marees_le_havre_2026_septembre.docx
2026-09-30;Le Havre;Me;Pleine mer;13:48;7.92;92;3;Marée 3;marees_le_havre_2026_septembre.docx
2026-09-30;Le Havre;Me;Basse mer;20:53;1.46;;4;Marée 4;marees_le_havre_2026_septembre.docx
2026-10-01;Le Havre;Je;Pleine mer;02:09;7.84;88;1;Marée 1;marees_le_havre_2026_octobre.docx
2026-10-01;Le Havre;Je;Basse mer;09:06;1.67;;2;Marée 2;marees_le_havre_2026_octobre.docx
2026-10-01;Le Havre;Je;Pleine mer;14:26;7.73;82;3;Marée 3;marees_le_havre_2026_octobre.docx
2026-10-01;Le Havre;Je;Basse mer;21:29;1.79;;4;Marée 4;marees_le_havre_2026_octobre.docx
2026-10-02;Le Havre;Ve;Pleine mer;02:52;7.52;75;1;Marée 1;marees_le_havre_2026_octobre.docx
2026-10-02;Le Havre;Ve;Basse mer;09:42;2.12;;2;Marée 2;marees_le_havre_2026_octobre.docx
2026-10-02;Le Havre;Ve;Pleine mer;15:08;7.41;68;3;Marée 3;marees_le_havre_2026_octobre.docx
2026-10-02;Le Havre;Ve;Basse mer;22:07;2.23;;4;Marée 4;marees_le_havre_2026_octobre.docx
2026-10-03;Le Havre;Sa;Pleine mer;03:43;7.13;60;1;Marée 1;marees_le_havre_2026_octobre.docx
2026-10-03;Le Havre;Sa;Basse mer;10:23;2.65;;2;Marée 2;marees_le_havre_2026_octobre.docx
2026-10-03;Le Havre;Sa;Pleine mer;16:02;7.03;53;3;Marée 3;marees_le_havre_2026_octobre.docx
2026-10-03;Le Havre;Sa;Basse mer;22:56;2.71;;4;Marée 4;marees_le_havre_2026_octobre.docx
2026-10-04;Le Havre;Di;Pleine mer;04:51;6.73;46;1;Marée 1;marees_le_havre_2026_octobre.docx
2026-10-04;Le Havre;Di;Basse mer;11:20;3.17;;2;Marée 2;marees_le_havre_2026_octobre.docx
2026-10-04;Le Havre;Di;Pleine mer;17:23;6.66;41;3;Marée 3;marees_le_havre_2026_octobre.docx
2026-10-05;Le Havre;Lu;Basse mer;00:15;3.08;;1;Marée 1;marees_le_havre_2026_octobre.docx
2026-10-05;Le Havre;Lu;Pleine mer;06:37;6.56;40;2;Marée 2;marees_le_havre_2026_octobre.docx
2026-10-05;Le Havre;Lu;Basse mer;13:12;3.37;;3;Marée 3;marees_le_havre_2026_octobre.docx
2026-10-05;Le Havre;Lu;Pleine mer;19:11;6.63;43;4;Marée 4;marees_le_havre_2026_octobre.docx
2026-10-06;Le Havre;Ma;Basse mer;02:11;2.91;;1;Marée 1;marees_le_havre_2026_octobre.docx
2026-10-06;Le Havre;Ma;Pleine mer;08:05;6.81;48;2;Marée 2;marees_le_havre_2026_octobre.docx
2026-10-06;Le Havre;Ma;Basse mer;14:51;2.94;;3;Marée 3;marees_le_havre_2026_octobre.docx
2026-10-06;Le Havre;Ma;Pleine mer;20:29;6.97;55;4;Marée 4;marees_le_havre_2026_octobre.docx
2026-10-07;Le Havre;Me;Basse mer;03:30;2.37;;1;Marée 1;marees_le_havre_2026_octobre.docx
2026-10-07;Le Havre;Me;Pleine mer;09:11;7.23;62;2;Marée 2;marees_le_havre_2026_octobre.docx
2026-10-07;Le Havre;Me;Basse mer;16:03;2.36;;3;Marée 3;marees_le_havre_2026_octobre.docx
2026-10-07;Le Havre;Me;Pleine mer;21:28;7.38;70;4;Marée 4;marees_le_havre_2026_octobre.docx
2026-10-08;Le Havre;Je;Basse mer;04:36;1.86;;1;Marée 1;marees_le_havre_2026_octobre.docx
2026-10-08;Le Havre;Je;Pleine mer;10:00;7.61;77;2;Marée 2;marees_le_havre_2026_octobre.docx
2026-10-08;Le Havre;Je;Basse mer;17:04;1.88;;3;Marée 3;marees_le_havre_2026_octobre.docx
2026-10-08;Le Havre;Je;Pleine mer;22:15;7.71;83;4;Marée 4;marees_le_havre_2026_octobre.docx
2026-10-09;Le Havre;Ve;Basse mer;05:31;1.49;;1;Marée 1;marees_le_havre_2026_octobre.docx
2026-10-09;Le Havre;Ve;Pleine mer;10:42;7.83;87;2;Marée 2;marees_le_havre_2026_octobre.docx
2026-10-09;Le Havre;Ve;Basse mer;17:54;1.57;;3;Marée 3;marees_le_havre_2026_octobre.docx
2026-10-09;Le Havre;Ve;Pleine mer;22:55;7.91;91;4;Marée 4;marees_le_havre_2026_octobre.docx
2026-10-10;Le Havre;Sa;Basse mer;06:15;1.32;;1;Marée 1;marees_le_havre_2026_octobre.docx
2026-10-10;Le Havre;Sa;Pleine mer;11:19;7.94;94;2;Marée 2;marees_le_havre_2026_octobre.docx
2026-10-10;Le Havre;Sa;Basse mer;18:33;1.43;;3;Marée 3;marees_le_havre_2026_octobre.docx
2026-10-10;Le Havre;Sa;Pleine mer;23:33;8.01;95;4;Marée 4;marees_le_havre_2026_octobre.docx
2026-10-11;Le Havre;Di;Basse mer;06:51;1.31;;1;Marée 1;marees_le_havre_2026_octobre.docx
2026-10-11;Le Havre;Di;Pleine mer;11:55;7.98;95;2;Marée 2;marees_le_havre_2026_octobre.docx
2026-10-11;Le Havre;Di;Basse mer;19:07;1.41;;3;Marée 3;marees_le_havre_2026_octobre.docx
2026-10-12;Le Havre;Lu;Pleine mer;00:08;8.00;95;1;Marée 1;marees_le_havre_2026_octobre.docx
2026-10-12;Le Havre;Lu;Basse mer;07:22;1.39;;2;Marée 2;marees_le_havre_2026_octobre.docx
2026-10-12;Le Havre;Lu;Pleine mer;12:28;7.95;93;3;Marée 3;marees_le_havre_2026_octobre.docx
2026-10-12;Le Havre;Lu;Basse mer;19:38;1.47;;4;Marée 4;marees_le_havre_2026_octobre.docx
2026-10-13;Le Havre;Ma;Pleine mer;00:43;7.90;91;1;Marée 1;marees_le_havre_2026_octobre.docx
2026-10-13;Le Havre;Ma;Basse mer;07:51;1.56;;2;Marée 2;marees_le_havre_2026_octobre.docx
2026-10-13;Le Havre;Ma;Pleine mer;13:00;7.85;88;3;Marée 3;marees_le_havre_2026_octobre.docx
2026-10-13;Le Havre;Ma;Basse mer;20:06;1.62;;4;Marée 4;marees_le_havre_2026_octobre.docx
2026-10-14;Le Havre;Me;Pleine mer;01:16;7.73;83;1;Marée 1;marees_le_havre_2026_octobre.docx
2026-10-14;Le Havre;Me;Basse mer;08:18;1.83;;2;Marée 2;marees_le_havre_2026_octobre.docx
2026-10-14;Le Havre;Me;Pleine mer;13:30;7.70;79;3;Marée 3;marees_le_havre_2026_octobre.docx
2026-10-14;Le Havre;Me;Basse mer;20:33;1.87;;4;Marée 4;marees_le_havre_2026_octobre.docx
2026-10-15;Le Havre;Je;Pleine mer;01:48;7.49;74;1;Marée 1;marees_le_havre_2026_octobre.docx
2026-10-15;Le Havre;Je;Basse mer;08:43;2.19;;2;Marée 2;marees_le_havre_2026_octobre.docx
2026-10-15;Le Havre;Je;Pleine mer;14:00;7.48;68;3;Marée 3;marees_le_havre_2026_octobre.docx
2026-10-15;Le Havre;Je;Basse mer;20:56;2.21;;4;Marée 4;marees_le_havre_2026_octobre.docx
2026-10-16;Le Havre;Ve;Pleine mer;02:20;7.19;62;1;Marée 1;marees_le_havre_2026_octobre.docx
2026-10-16;Le Havre;Ve;Basse mer;09:07;2.60;;2;Marée 2;marees_le_havre_2026_octobre.docx
2026-10-16;Le Havre;Ve;Pleine mer;14:30;7.18;56;3;Marée 3;marees_le_havre_2026_octobre.docx
2026-10-16;Le Havre;Ve;Basse mer;21:22;2.60;;4;Marée 4;marees_le_havre_2026_octobre.docx
2026-10-17;Le Havre;Sa;Pleine mer;02:53;6.84;50;1;Marée 1;marees_le_havre_2026_octobre.docx
2026-10-17;Le Havre;Sa;Basse mer;09:34;3.06;;2;Marée 2;marees_le_havre_2026_octobre.docx
2026-10-17;Le Havre;Sa;Pleine mer;15:05;6.81;43;3;Marée 3;marees_le_havre_2026_octobre.docx
2026-10-17;Le Havre;Sa;Basse mer;21:56;3.02;;4;Marée 4;marees_le_havre_2026_octobre.docx
2026-10-18;Le Havre;Di;Pleine mer;03:36;6.47;37;1;Marée 1;marees_le_havre_2026_octobre.docx
2026-10-18;Le Havre;Di;Basse mer;10:12;3.51;;2;Marée 2;marees_le_havre_2026_octobre.docx
2026-10-18;Le Havre;Di;Pleine mer;15:54;6.41;32;3;Marée 3;marees_le_havre_2026_octobre.docx
2026-10-18;Le Havre;Di;Basse mer;22:44;3.44;;4;Marée 4;marees_le_havre_2026_octobre.docx
2026-10-19;Le Havre;Lu;Pleine mer;04:43;6.15;28;1;Marée 1;marees_le_havre_2026_octobre.docx
2026-10-19;Le Havre;Lu;Basse mer;11:17;3.90;;2;Marée 2;marees_le_havre_2026_octobre.docx
2026-10-19;Le Havre;Lu;Pleine mer;17:17;6.11;25;3;Marée 3;marees_le_havre_2026_octobre.docx
2026-10-20;Le Havre;Ma;Basse mer;00:06;3.70;;1;Marée 1;marees_le_havre_2026_octobre.docx
2026-10-20;Le Havre;Ma;Pleine mer;06:36;6.10;26;2;Marée 2;marees_le_havre_2026_octobre.docx
2026-10-20;Le Havre;Ma;Basse mer;13:03;3.93;;3;Marée 3;marees_le_havre_2026_octobre.docx
2026-10-20;Le Havre;Ma;Pleine mer;19:06;6.17;29;4;Marée 4;marees_le_havre_2026_octobre.docx
2026-10-21;Le Havre;Me;Basse mer;01:48;3.50;;1;Marée 1;marees_le_havre_2026_octobre.docx
2026-10-21;Le Havre;Me;Pleine mer;07:54;6.40;34;2;Marée 2;marees_le_havre_2026_octobre.docx
2026-10-21;Le Havre;Me;Basse mer;14:35;3.47;;3;Marée 3;marees_le_havre_2026_octobre.docx
2026-10-21;Le Havre;Me;Pleine mer;20:15;6.54;41;4;Marée 4;marees_le_havre_2026_octobre.docx
2026-10-22;Le Havre;Je;Basse mer;03:02;2.98;;1;Marée 1;marees_le_havre_2026_octobre.docx
2026-10-22;Le Havre;Je;Pleine mer;08:50;6.85;48;2;Marée 2;marees_le_havre_2026_octobre.docx
2026-10-22;Le Havre;Je;Basse mer;15:35;2.88;;3;Marée 3;marees_le_havre_2026_octobre.docx
2026-10-22;Le Havre;Je;Pleine mer;21:07;7.01;55;4;Marée 4;marees_le_havre_2026_octobre.docx
2026-10-23;Le Havre;Ve;Basse mer;03:57;2.44;;1;Marée 1;marees_le_havre_2026_octobre.docx
2026-10-23;Le Havre;Ve;Pleine mer;09:34;7.28;62;2;Marée 2;marees_le_havre_2026_octobre.docx
2026-10-23;Le Havre;Ve;Basse mer;16:24;2.35;;3;Marée 3;marees_le_havre_2026_octobre.docx
2026-10-23;Le Havre;Ve;Pleine mer;21:49;7.44;69;4;Marée 4;marees_le_havre_2026_octobre.docx
2026-10-24;Le Havre;Sa;Basse mer;04:45;1.98;;1;Marée 1;marees_le_havre_2026_octobre.docx
2026-10-24;Le Havre;Sa;Pleine mer;10:13;7.63;76;2;Marée 2;marees_le_havre_2026_octobre.docx
2026-10-24;Le Havre;Sa;Basse mer;17:10;1.93;;3;Marée 3;marees_le_havre_2026_octobre.docx
2026-10-24;Le Havre;Sa;Pleine mer;22:29;7.76;82;4;Marée 4;marees_le_havre_2026_octobre.docx
2026-10-25;Le Havre;Di;Basse mer;04:30;1.64;;1;Marée 1;marees_le_havre_2026_octobre.docx
2026-10-25;Le Havre;Di;Pleine mer;09:50;7.86;87;2;Marée 2;marees_le_havre_2026_octobre.docx
2026-10-25;Le Havre;Di;Basse mer;16:53;1.61;;3;Marée 3;marees_le_havre_2026_octobre.docx
2026-10-25;Le Havre;Di;Pleine mer;22:07;7.97;92;4;Marée 4;marees_le_havre_2026_octobre.docx
2026-10-26;Le Havre;Lu;Basse mer;05:12;1.41;;1;Marée 1;marees_le_havre_2026_octobre.docx
2026-10-26;Le Havre;Lu;Pleine mer;10:28;8.01;95;2;Marée 2;marees_le_havre_2026_octobre.docx
2026-10-26;Le Havre;Lu;Basse mer;17:36;1.37;;3;Marée 3;marees_le_havre_2026_octobre.docx
2026-10-26;Le Havre;Lu;Pleine mer;22:47;8.08;98;4;Marée 4;marees_le_havre_2026_octobre.docx
2026-10-27;Le Havre;Ma;Basse mer;05:54;1.28;;1;Marée 1;marees_le_havre_2026_octobre.docx
2026-10-27;Le Havre;Ma;Pleine mer;11:06;8.09;99;2;Marée 2;marees_le_havre_2026_octobre.docx
2026-10-27;Le Havre;Ma;Basse mer;18:17;1.24;;3;Marée 3;marees_le_havre_2026_octobre.docx
2026-10-27;Le Havre;Ma;Pleine mer;23:29;8.12;100;4;Marée 4;marees_le_havre_2026_octobre.docx
2026-10-28;Le Havre;Me;Basse mer;06:34;1.28;;1;Marée 1;marees_le_havre_2026_octobre.docx
2026-10-28;Le Havre;Me;Pleine mer;11:46;8.11;99;2;Marée 2;marees_le_havre_2026_octobre.docx
2026-10-28;Le Havre;Me;Basse mer;18:58;1.23;;3;Marée 3;marees_le_havre_2026_octobre.docx
2026-10-29;Le Havre;Je;Pleine mer;00:11;8.06;96;1;Marée 1;marees_le_havre_2026_octobre.docx
2026-10-29;Le Havre;Je;Basse mer;07:13;1.45;;2;Marée 2;marees_le_havre_2026_octobre.docx
2026-10-29;Le Havre;Je;Pleine mer;12:28;8.01;93;3;Marée 3;marees_le_havre_2026_octobre.docx
2026-10-29;Le Havre;Je;Basse mer;19:37;1.39;;4;Marée 4;marees_le_havre_2026_octobre.docx
2026-10-30;Le Havre;Ve;Pleine mer;00:57;7.88;88;1;Marée 1;marees_le_havre_2026_octobre.docx
2026-10-30;Le Havre;Ve;Basse mer;07:51;1.76;;2;Marée 2;marees_le_havre_2026_octobre.docx
2026-10-30;Le Havre;Ve;Pleine mer;13:12;7.79;82;3;Marée 3;marees_le_havre_2026_octobre.docx
2026-10-30;Le Havre;Ve;Basse mer;20:17;1.71;;4;Marée 4;marees_le_havre_2026_octobre.docx
2026-10-31;Le Havre;Sa;Pleine mer;01:46;7.58;76;1;Marée 1;marees_le_havre_2026_octobre.docx
2026-10-31;Le Havre;Sa;Basse mer;08:31;2.20;;2;Marée 2;marees_le_havre_2026_octobre.docx
2026-10-31;Le Havre;Sa;Pleine mer;14:01;7.50;69;3;Marée 3;marees_le_havre_2026_octobre.docx
2026-10-31;Le Havre;Sa;Basse mer;21:01;2.14;;4;Marée 4;marees_le_havre_2026_octobre.docx
2026-11-01;Le Havre;Di;Pleine mer;02:41;7.21;62;1;Marée 1;marees_le_havre_2026_novembre.docx
2026-11-01;Le Havre;Di;Basse mer;09:19;2.68;;2;Marée 2;marees_le_havre_2026_novembre.docx
2026-11-01;Le Havre;Di;Pleine mer;15:00;7.13;56;3;Marée 3;marees_le_havre_2026_novembre.docx
2026-11-01;Le Havre;Di;Basse mer;21:57;2.58;;4;Marée 4;marees_le_havre_2026_novembre.docx
2026-11-02;Le Havre;Lu;Pleine mer;03:55;6.88;51;1;Marée 1;marees_le_havre_2026_novembre.docx
2026-11-02;Le Havre;Lu;Basse mer;10:31;3.08;;2;Marée 2;marees_le_havre_2026_novembre.docx
2026-11-02;Le Havre;Lu;Pleine mer;16:21;6.81;47;3;Marée 3;marees_le_havre_2026_novembre.docx
2026-11-02;Le Havre;Lu;Basse mer;23:25;2.83;;4;Marée 4;marees_le_havre_2026_novembre.docx
2026-11-03;Le Havre;Ma;Pleine mer;05:24;6.79;47;1;Marée 1;marees_le_havre_2026_novembre.docx
2026-11-03;Le Havre;Ma;Basse mer;12:09;3.11;;2;Marée 2;marees_le_havre_2026_novembre.docx
2026-11-03;Le Havre;Ma;Pleine mer;17:49;6.79;48;3;Marée 3;marees_le_havre_2026_novembre.docx
2026-11-04;Le Havre;Me;Basse mer;00:53;2.69;;1;Marée 1;marees_le_havre_2026_novembre.docx
2026-11-04;Le Havre;Me;Pleine mer;06:39;6.96;52;2;Marée 2;marees_le_havre_2026_novembre.docx
2026-11-04;Le Havre;Me;Basse mer;13:28;2.80;;3;Marée 3;marees_le_havre_2026_novembre.docx
2026-11-04;Le Havre;Me;Pleine mer;19:01;7.00;56;4;Marée 4;marees_le_havre_2026_novembre.docx
2026-11-05;Le Havre;Je;Basse mer;02:02;2.37;;1;Marée 1;marees_le_havre_2026_novembre.docx
2026-11-05;Le Havre;Je;Pleine mer;07:42;7.24;61;2;Marée 2;marees_le_havre_2026_novembre.docx
2026-11-05;Le Havre;Je;Basse mer;14:34;2.41;;3;Marée 3;marees_le_havre_2026_novembre.docx
2026-11-05;Le Havre;Je;Pleine mer;20:00;7.28;66;4;Marée 4;marees_le_havre_2026_novembre.docx
2026-11-06;Le Havre;Ve;Basse mer;03:03;2.05;;1;Marée 1;marees_le_havre_2026_novembre.docx
2026-11-06;Le Havre;Ve;Pleine mer;08:32;7.50;71;2;Marée 2;marees_le_havre_2026_novembre.docx
2026-11-06;Le Havre;Ve;Basse mer;15:31;2.08;;3;Marée 3;marees_le_havre_2026_novembre.docx
2026-11-06;Le Havre;Ve;Pleine mer;20:48;7.51;75;4;Marée 4;marees_le_havre_2026_novembre.docx
2026-11-07;Le Havre;Sa;Basse mer;03:55;1.84;;1;Marée 1;marees_le_havre_2026_novembre.docx
2026-11-07;Le Havre;Sa;Pleine mer;09:14;7.68;78;2;Marée 2;marees_le_havre_2026_novembre.docx
2026-11-07;Le Havre;Sa;Basse mer;16:19;1.85;;3;Marée 3;marees_le_havre_2026_novembre.docx
2026-11-07;Le Havre;Sa;Pleine mer;21:31;7.67;81;4;Marée 4;marees_le_havre_2026_novembre.docx
2026-11-08;Le Havre;Di;Basse mer;04:39;1.74;;1;Marée 1;marees_le_havre_2026_novembre.docx
2026-11-08;Le Havre;Di;Pleine mer;09:52;7.79;83;2;Marée 2;marees_le_havre_2026_novembre.docx
2026-11-08;Le Havre;Di;Basse mer;16:59;1.73;;3;Marée 3;marees_le_havre_2026_novembre.docx
2026-11-08;Le Havre;Di;Pleine mer;22:09;7.75;84;4;Marée 4;marees_le_havre_2026_novembre.docx
2026-11-09;Le Havre;Lu;Basse mer;05:15;1.72;;1;Marée 1;marees_le_havre_2026_novembre.docx
2026-11-09;Le Havre;Lu;Pleine mer;10:27;7.83;84;2;Marée 2;marees_le_havre_2026_novembre.docx
2026-11-09;Le Havre;Lu;Basse mer;17:34;1.68;;3;Marée 3;marees_le_havre_2026_novembre.docx
2026-11-09;Le Havre;Lu;Pleine mer;22:45;7.75;84;4;Marée 4;marees_le_havre_2026_novembre.docx
2026-11-10;Le Havre;Ma;Basse mer;05:48;1.76;;1;Marée 1;marees_le_havre_2026_novembre.docx
2026-11-10;Le Havre;Ma;Pleine mer;11:00;7.82;83;2;Marée 2;marees_le_havre_2026_novembre.docx
2026-11-10;Le Havre;Ma;Basse mer;18:07;1.68;;3;Marée 3;marees_le_havre_2026_novembre.docx
2026-11-10;Le Havre;Ma;Pleine mer;23:20;7.70;82;4;Marée 4;marees_le_havre_2026_novembre.docx
2026-11-11;Le Havre;Me;Basse mer;06:20;1.86;;1;Marée 1;marees_le_havre_2026_novembre.docx
2026-11-11;Le Havre;Me;Pleine mer;11:32;7.75;80;2;Marée 2;marees_le_havre_2026_novembre.docx
2026-11-11;Le Havre;Me;Basse mer;18:39;1.76;;3;Marée 3;marees_le_havre_2026_novembre.docx
2026-11-11;Le Havre;Me;Pleine mer;23:54;7.59;77;4;Marée 4;marees_le_havre_2026_novembre.docx
2026-11-12;Le Havre;Je;Basse mer;06:51;2.04;;1;Marée 1;marees_le_havre_2026_novembre.docx
2026-11-12;Le Havre;Je;Pleine mer;12:04;7.64;74;2;Marée 2;marees_le_havre_2026_novembre.docx
2026-11-12;Le Havre;Je;Basse mer;19:08;1.92;;3;Marée 3;marees_le_havre_2026_novembre.docx
2026-11-13;Le Havre;Ve;Pleine mer;00:27;7.42;71;1;Marée 1;marees_le_havre_2026_novembre.docx
2026-11-13;Le Havre;Ve;Basse mer;07:20;2.29;;2;Marée 2;marees_le_havre_2026_novembre.docx
2026-11-13;Le Havre;Ve;Pleine mer;12:36;7.48;67;3;Marée 3;marees_le_havre_2026_novembre.docx
2026-11-13;Le Havre;Ve;Basse mer;19:36;2.17;;4;Marée 4;marees_le_havre_2026_novembre.docx
2026-11-14;Le Havre;Sa;Pleine mer;01:01;7.22;63;1;Marée 1;marees_le_havre_2026_novembre.docx
2026-11-14;Le Havre;Sa;Basse mer;07:49;2.59;;2;Marée 2;marees_le_havre_2026_novembre.docx
2026-11-14;Le Havre;Sa;Pleine mer;13:09;7.26;58;3;Marée 3;marees_le_havre_2026_novembre.docx
2026-11-14;Le Havre;Sa;Basse mer;20:06;2.46;;4;Marée 4;marees_le_havre_2026_novembre.docx
2026-11-15;Le Havre;Di;Pleine mer;01:36;6.99;54;1;Marée 1;marees_le_havre_2026_novembre.docx
2026-11-15;Le Havre;Di;Basse mer;08:20;2.92;;2;Marée 2;marees_le_havre_2026_novembre.docx
2026-11-15;Le Havre;Di;Pleine mer;13:47;7.00;49;3;Marée 3;marees_le_havre_2026_novembre.docx
2026-11-15;Le Havre;Di;Basse mer;20:40;2.77;;4;Marée 4;marees_le_havre_2026_novembre.docx
2026-11-16;Le Havre;Lu;Pleine mer;02:18;6.74;45;1;Marée 1;marees_le_havre_2026_novembre.docx
2026-11-16;Le Havre;Lu;Basse mer;08:58;3.23;;2;Marée 2;marees_le_havre_2026_novembre.docx
2026-11-16;Le Havre;Lu;Pleine mer;14:33;6.71;41;3;Marée 3;marees_le_havre_2026_novembre.docx
2026-11-16;Le Havre;Lu;Basse mer;21:23;3.06;;4;Marée 4;marees_le_havre_2026_novembre.docx
2026-11-17;Le Havre;Ma;Pleine mer;03:12;6.52;38;1;Marée 1;marees_le_havre_2026_novembre.docx
2026-11-17;Le Havre;Ma;Basse mer;09:51;3.49;;2;Marée 2;marees_le_havre_2026_novembre.docx
2026-11-17;Le Havre;Ma;Pleine mer;15:33;6.48;35;3;Marée 3;marees_le_havre_2026_novembre.docx
2026-11-17;Le Havre;Ma;Basse mer;22:24;3.27;;4;Marée 4;marees_le_havre_2026_novembre.docx
2026-11-18;Le Havre;Me;Pleine mer;04:27;6.42;34;1;Marée 1;marees_le_havre_2026_novembre.docx
2026-11-18;Le Havre;Me;Basse mer;11:06;3.58;;2;Marée 2;marees_le_havre_2026_novembre.docx
2026-11-18;Le Havre;Me;Pleine mer;16:54;6.41;35;3;Marée 3;marees_le_havre_2026_novembre.docx
2026-11-18;Le Havre;Me;Basse mer;23:41;3.27;;4;Marée 4;marees_le_havre_2026_novembre.docx
2026-11-19;Le Havre;Je;Pleine mer;05:48;6.54;37;1;Marée 1;marees_le_havre_2026_novembre.docx
2026-11-19;Le Havre;Je;Basse mer;12:22;3.39;;2;Marée 2;marees_le_havre_2026_novembre.docx
2026-11-19;Le Havre;Je;Pleine mer;18:11;6.58;41;3;Marée 3;marees_le_havre_2026_novembre.docx
2026-11-20;Le Havre;Ve;Basse mer;00:53;3.01;;1;Marée 1;marees_le_havre_2026_novembre.docx
2026-11-20;Le Havre;Ve;Pleine mer;06:52;6.83;46;2;Marée 2;marees_le_havre_2026_novembre.docx
2026-11-20;Le Havre;Ve;Basse mer;13:31;3.00;;3;Marée 3;marees_le_havre_2026_novembre.docx
2026-11-20;Le Havre;Ve;Pleine mer;19:12;6.89;51;4;Marée 4;marees_le_havre_2026_novembre.docx
2026-11-21;Le Havre;Sa;Basse mer;01:58;2.62;;1;Marée 1;marees_le_havre_2026_novembre.docx
2026-11-21;Le Havre;Sa;Pleine mer;07:44;7.17;57;2;Marée 2;marees_le_havre_2026_novembre.docx
2026-11-21;Le Havre;Sa;Basse mer;14:33;2.55;;3;Marée 3;marees_le_havre_2026_novembre.docx
2026-11-21;Le Havre;Sa;Pleine mer;20:04;7.23;64;4;Marée 4;marees_le_havre_2026_novembre.docx
2026-11-22;Le Havre;Di;Basse mer;02:57;2.22;;1;Marée 1;marees_le_havre_2026_novembre.docx
2026-11-22;Le Havre;Di;Pleine mer;08:32;7.49;70;2;Marée 2;marees_le_havre_2026_novembre.docx
2026-11-22;Le Havre;Di;Basse mer;15:28;2.11;;3;Marée 3;marees_le_havre_2026_novembre.docx
2026-11-22;Le Havre;Di;Pleine mer;20:53;7.54;76;4;Marée 4;marees_le_havre_2026_novembre.docx
2026-11-23;Le Havre;Lu;Basse mer;03:51;1.87;;1;Marée 1;marees_le_havre_2026_novembre.docx
2026-11-23;Le Havre;Lu;Pleine mer;09:16;7.74;81;2;Marée 2;marees_le_havre_2026_novembre.docx
2026-11-23;Le Havre;Lu;Basse mer;16:20;1.73;;3;Marée 3;marees_le_havre_2026_novembre.docx
2026-11-23;Le Havre;Lu;Pleine mer;21:40;7.79;86;4;Marée 4;marees_le_havre_2026_novembre.docx
2026-11-24;Le Havre;Ma;Basse mer;04:41;1.60;;1;Marée 1;marees_le_havre_2026_novembre.docx
2026-11-24;Le Havre;Ma;Pleine mer;10:00;7.94;90;2;Marée 2;marees_le_havre_2026_novembre.docx
2026-11-24;Le Havre;Ma;Basse mer;17:10;1.44;;3;Marée 3;marees_le_havre_2026_novembre.docx
2026-11-24;Le Havre;Ma;Pleine mer;22:26;7.96;93;4;Marée 4;marees_le_havre_2026_novembre.docx
2026-11-25;Le Havre;Me;Basse mer;05:29;1.44;;1;Marée 1;marees_le_havre_2026_novembre.docx
2026-11-25;Le Havre;Me;Pleine mer;10:44;8.07;96;2;Marée 2;marees_le_havre_2026_novembre.docx
2026-11-25;Le Havre;Me;Basse mer;17:57;1.25;;3;Marée 3;marees_le_havre_2026_novembre.docx
2026-11-25;Le Havre;Me;Pleine mer;23:13;8.06;97;4;Marée 4;marees_le_havre_2026_novembre.docx
2026-11-26;Le Havre;Je;Basse mer;06:16;1.40;;1;Marée 1;marees_le_havre_2026_novembre.docx
2026-11-26;Le Havre;Je;Pleine mer;11:30;8.12;97;2;Marée 2;marees_le_havre_2026_novembre.docx
2026-11-26;Le Havre;Je;Basse mer;18:44;1.19;;3;Marée 3;marees_le_havre_2026_novembre.docx
2026-11-27;Le Havre;Ve;Pleine mer;00:02;8.06;96;1;Marée 1;marees_le_havre_2026_novembre.docx
2026-11-27;Le Havre;Ve;Basse mer;07:02;1.50;;2;Marée 2;marees_le_havre_2026_novembre.docx
2026-11-27;Le Havre;Ve;Pleine mer;12:17;8.07;94;3;Marée 3;marees_le_havre_2026_novembre.docx
2026-11-27;Le Havre;Ve;Basse mer;19:30;1.27;;4;Marée 4;marees_le_havre_2026_novembre.docx
2026-11-28;Le Havre;Sa;Pleine mer;00:51;7.94;90;1;Marée 1;marees_le_havre_2026_novembre.docx
2026-11-28;Le Havre;Sa;Basse mer;07:48;1.72;;2;Marée 2;marees_le_havre_2026_novembre.docx
2026-11-28;Le Havre;Sa;Pleine mer;13:06;7.91;86;3;Marée 3;marees_le_havre_2026_novembre.docx
2026-11-28;Le Havre;Sa;Basse mer;20:18;1.51;;4;Marée 4;marees_le_havre_2026_novembre.docx
2026-11-29;Le Havre;Di;Pleine mer;01:43;7.72;82;1;Marée 1;marees_le_havre_2026_novembre.docx
2026-11-29;Le Havre;Di;Basse mer;08:36;2.04;;2;Marée 2;marees_le_havre_2026_novembre.docx
2026-11-29;Le Havre;Di;Pleine mer;13:58;7.66;76;3;Marée 3;marees_le_havre_2026_novembre.docx
2026-11-29;Le Havre;Di;Basse mer;21:08;1.83;;4;Marée 4;marees_le_havre_2026_novembre.docx
2026-11-30;Le Havre;Lu;Pleine mer;02:39;7.43;71;1;Marée 1;marees_le_havre_2026_novembre.docx
2026-11-30;Le Havre;Lu;Basse mer;09:30;2.38;;2;Marée 2;marees_le_havre_2026_novembre.docx
2026-11-30;Le Havre;Lu;Pleine mer;14:55;7.35;66;3;Marée 3;marees_le_havre_2026_novembre.docx
2026-11-30;Le Havre;Lu;Basse mer;22:06;2.17;;4;Marée 4;marees_le_havre_2026_novembre.docx
2026-12-01;Le Havre;Ma;Pleine mer;03:42;7.17;62;1;Marée 1;marees_le_havre_2026_decembre.docx
2026-12-01;Le Havre;Ma;Basse mer;10:33;2.66;;2;Marée 2;marees_le_havre_2026_decembre.docx
2026-12-01;Le Havre;Ma;Pleine mer;16:01;7.07;58;3;Marée 3;marees_le_havre_2026_decembre.docx
2026-12-01;Le Havre;Ma;Basse mer;23:09;2.43;;4;Marée 4;marees_le_havre_2026_decembre.docx
2026-12-02;Le Havre;Me;Pleine mer;04:51;7.02;55;1;Marée 1;marees_le_havre_2026_decembre.docx
2026-12-02;Le Havre;Me;Basse mer;11:39;2.80;;2;Marée 2;marees_le_havre_2026_decembre.docx
2026-12-02;Le Havre;Me;Pleine mer;17:11;6.93;53;3;Marée 3;marees_le_havre_2026_decembre.docx
2026-12-03;Le Havre;Je;Basse mer;00:13;2.56;;1;Marée 1;marees_le_havre_2026_decembre.docx
2026-12-03;Le Havre;Je;Pleine mer;05:57;7.00;52;2;Marée 2;marees_le_havre_2026_decembre.docx
2026-12-03;Le Havre;Je;Basse mer;12:44;2.79;;3;Marée 3;marees_le_havre_2026_decembre.docx
2026-12-03;Le Havre;Je;Pleine mer;18:18;6.92;53;4;Marée 4;marees_le_havre_2026_decembre.docx
2026-12-04;Le Havre;Ve;Basse mer;01:16;2.57;;1;Marée 1;marees_le_havre_2026_decembre.docx
2026-12-04;Le Havre;Ve;Pleine mer;07:00;7.08;54;2;Marée 2;marees_le_havre_2026_decembre.docx
2026-12-04;Le Havre;Ve;Basse mer;13:49;2.66;;3;Marée 3;marees_le_havre_2026_decembre.docx
2026-12-04;Le Havre;Ve;Pleine mer;19:23;7.00;57;4;Marée 4;marees_le_havre_2026_decembre.docx
2026-12-05;Le Havre;Sa;Basse mer;02:18;2.48;;1;Marée 1;marees_le_havre_2026_decembre.docx
2026-12-05;Le Havre;Sa;Pleine mer;07:57;7.22;59;2;Marée 2;marees_le_havre_2026_decembre.docx
2026-12-05;Le Havre;Sa;Basse mer;14:49;2.47;;3;Marée 3;marees_le_havre_2026_decembre.docx
2026-12-05;Le Havre;Sa;Pleine mer;20:20;7.14;62;4;Marée 4;marees_le_havre_2026_decembre.docx
2026-12-06;Le Havre;Di;Basse mer;03:14;2.36;;1;Marée 1;marees_le_havre_2026_decembre.docx
2026-12-06;Le Havre;Di;Pleine mer;08:45;7.37;64;2;Marée 2;marees_le_havre_2026_decembre.docx
2026-12-06;Le Havre;Di;Basse mer;15:42;2.27;;3;Marée 3;marees_le_havre_2026_decembre.docx
2026-12-06;Le Havre;Di;Pleine mer;21:09;7.29;66;4;Marée 4;marees_le_havre_2026_decembre.docx
2026-12-07;Le Havre;Lu;Basse mer;04:02;2.24;;1;Marée 1;marees_le_havre_2026_decembre.docx
2026-12-07;Le Havre;Lu;Pleine mer;09:28;7.51;69;2;Marée 2;marees_le_havre_2026_decembre.docx
2026-12-07;Le Havre;Lu;Basse mer;16:27;2.10;;3;Marée 3;marees_le_havre_2026_decembre.docx
2026-12-07;Le Havre;Lu;Pleine mer;21:52;7.41;70;4;Marée 4;marees_le_havre_2026_decembre.docx
2026-12-08;Le Havre;Ma;Basse mer;04:44;2.15;;1;Marée 1;marees_le_havre_2026_decembre.docx
2026-12-08;Le Havre;Ma;Pleine mer;10:06;7.60;72;2;Marée 2;marees_le_havre_2026_decembre.docx
2026-12-08;Le Havre;Ma;Basse mer;17:07;1.96;;3;Marée 3;marees_le_havre_2026_decembre.docx
2026-12-08;Le Havre;Ma;Pleine mer;22:30;7.50;73;4;Marée 4;marees_le_havre_2026_decembre.docx
2026-12-09;Le Havre;Me;Basse mer;05:22;2.09;;1;Marée 1;marees_le_havre_2026_decembre.docx
2026-12-09;Le Havre;Me;Pleine mer;10:41;7.64;74;2;Marée 2;marees_le_havre_2026_decembre.docx
2026-12-09;Le Havre;Me;Basse mer;17:44;1.88;;3;Marée 3;marees_le_havre_2026_decembre.docx
2026-12-09;Le Havre;Me;Pleine mer;23:06;7.52;74;4;Marée 4;marees_le_havre_2026_decembre.docx
2026-12-10;Le Havre;Je;Basse mer;05:59;2.08;;1;Marée 1;marees_le_havre_2026_decembre.docx
2026-12-10;Le Havre;Je;Pleine mer;11:15;7.64;74;2;Marée 2;marees_le_havre_2026_decembre.docx
2026-12-10;Le Havre;Je;Basse mer;18:19;1.85;;3;Marée 3;marees_le_havre_2026_decembre.docx
2026-12-10;Le Havre;Je;Pleine mer;23:40;7.50;73;4;Marée 4;marees_le_havre_2026_decembre.docx
2026-12-11;Le Havre;Ve;Basse mer;06:33;2.12;;1;Marée 1;marees_le_havre_2026_decembre.docx
2026-12-11;Le Havre;Ve;Pleine mer;11:49;7.60;72;2;Marée 2;marees_le_havre_2026_decembre.docx
2026-12-11;Le Havre;Ve;Basse mer;18:53;1.90;;3;Marée 3;marees_le_havre_2026_decembre.docx
2026-12-12;Le Havre;Sa;Pleine mer;00:14;7.43;71;1;Marée 1;marees_le_havre_2026_decembre.docx
2026-12-12;Le Havre;Sa;Basse mer;07:07;2.23;;2;Marée 2;marees_le_havre_2026_decembre.docx
2026-12-12;Le Havre;Sa;Pleine mer;12:22;7.55;69;3;Marée 3;marees_le_havre_2026_decembre.docx
2026-12-12;Le Havre;Sa;Basse mer;19:25;2.00;;4;Marée 4;marees_le_havre_2026_decembre.docx
2026-12-13;Le Havre;Di;Pleine mer;00:48;7.34;67;1;Marée 1;marees_le_havre_2026_decembre.docx
2026-12-13;Le Havre;Di;Basse mer;07:39;2.38;;2;Marée 2;marees_le_havre_2026_decembre.docx
2026-12-13;Le Havre;Di;Pleine mer;12:56;7.45;65;3;Marée 3;marees_le_havre_2026_decembre.docx
2026-12-13;Le Havre;Di;Basse mer;19:57;2.16;;4;Marée 4;marees_le_havre_2026_decembre.docx
2026-12-14;Le Havre;Lu;Pleine mer;01:23;7.22;63;1;Marée 1;marees_le_havre_2026_decembre.docx
2026-12-14;Le Havre;Lu;Basse mer;08:13;2.55;;2;Marée 2;marees_le_havre_2026_decembre.docx
2026-12-14;Le Havre;Lu;Pleine mer;13:33;7.29;60;3;Marée 3;marees_le_havre_2026_decembre.docx
2026-12-14;Le Havre;Lu;Basse mer;20:32;2.34;;4;Marée 4;marees_le_havre_2026_decembre.docx
2026-12-15;Le Havre;Ma;Pleine mer;02:02;7.08;57;1;Marée 1;marees_le_havre_2026_decembre.docx
2026-12-15;Le Havre;Ma;Basse mer;08:49;2.74;;2;Marée 2;marees_le_havre_2026_decembre.docx
2026-12-15;Le Havre;Ma;Pleine mer;14:13;7.10;55;3;Marée 3;marees_le_havre_2026_decembre.docx
2026-12-15;Le Havre;Ma;Basse mer;21:10;2.54;;4;Marée 4;marees_le_havre_2026_decembre.docx
2026-12-16;Le Havre;Me;Pleine mer;02:45;6.92;52;1;Marée 1;marees_le_havre_2026_decembre.docx
2026-12-16;Le Havre;Me;Basse mer;09:31;2.92;;2;Marée 2;marees_le_havre_2026_decembre.docx
2026-12-16;Le Havre;Me;Pleine mer;15:00;6.90;49;3;Marée 3;marees_le_havre_2026_decembre.docx
2026-12-16;Le Havre;Me;Basse mer;21:54;2.72;;4;Marée 4;marees_le_havre_2026_decembre.docx
2026-12-17;Le Havre;Je;Pleine mer;03:36;6.80;47;1;Marée 1;marees_le_havre_2026_decembre.docx
2026-12-17;Le Havre;Je;Basse mer;10:21;3.05;;2;Marée 2;marees_le_havre_2026_decembre.docx
2026-12-17;Le Havre;Je;Pleine mer;15:54;6.76;45;3;Marée 3;marees_le_havre_2026_decembre.docx
2026-12-17;Le Havre;Je;Basse mer;22:47;2.85;;4;Marée 4;marees_le_havre_2026_decembre.docx
2026-12-18;Le Havre;Ve;Pleine mer;04:36;6.75;44;1;Marée 1;marees_le_havre_2026_decembre.docx
2026-12-18;Le Havre;Ve;Basse mer;11:19;3.10;;2;Marée 2;marees_le_havre_2026_decembre.docx
2026-12-18;Le Havre;Ve;Pleine mer;16:58;6.71;44;3;Marée 3;marees_le_havre_2026_decembre.docx
2026-12-18;Le Havre;Ve;Basse mer;23:47;2.88;;4;Marée 4;marees_le_havre_2026_decembre.docx
2026-12-19;Le Havre;Sa;Pleine mer;05:43;6.81;45;1;Marée 1;marees_le_havre_2026_decembre.docx
2026-12-19;Le Havre;Sa;Basse mer;12:24;3.01;;2;Marée 2;marees_le_havre_2026_decembre.docx
2026-12-19;Le Havre;Sa;Pleine mer;18:09;6.78;48;3;Marée 3;marees_le_havre_2026_decembre.docx
2026-12-20;Le Havre;Di;Basse mer;00:55;2.78;;1;Marée 1;marees_le_havre_2026_decembre.docx
2026-12-20;Le Havre;Di;Pleine mer;06:49;6.97;51;2;Marée 2;marees_le_havre_2026_decembre.docx
2026-12-20;Le Havre;Di;Basse mer;13:37;2.77;;3;Marée 3;marees_le_havre_2026_decembre.docx
2026-12-20;Le Havre;Di;Pleine mer;19:18;6.96;55;4;Marée 4;marees_le_havre_2026_decembre.docx
2026-12-21;Le Havre;Lu;Basse mer;02:10;2.54;;1;Marée 1;marees_le_havre_2026_decembre.docx
2026-12-21;Le Havre;Lu;Pleine mer;07:51;7.21;61;2;Marée 2;marees_le_havre_2026_decembre.docx
2026-12-21;Le Havre;Lu;Basse mer;14:51;2.38;;3;Marée 3;marees_le_havre_2026_decembre.docx
2026-12-21;Le Havre;Lu;Pleine mer;20:22;7.23;66;4;Marée 4;marees_le_havre_2026_decembre.docx
2026-12-22;Le Havre;Ma;Basse mer;03:18;2.19;;1;Marée 1;marees_le_havre_2026_decembre.docx
2026-12-22;Le Havre;Ma;Pleine mer;08:48;7.51;72;2;Marée 2;marees_le_havre_2026_decembre.docx
2026-12-22;Le Havre;Ma;Basse mer;15:53;1.94;;3;Marée 3;marees_le_havre_2026_decembre.docx
2026-12-22;Le Havre;Ma;Pleine mer;21:20;7.55;77;4;Marée 4;marees_le_havre_2026_decembre.docx
2026-12-23;Le Havre;Me;Basse mer;04:17;1.86;;1;Marée 1;marees_le_havre_2026_decembre.docx
2026-12-23;Le Havre;Me;Pleine mer;09:41;7.78;83;2;Marée 2;marees_le_havre_2026_decembre.docx
2026-12-23;Le Havre;Me;Basse mer;16:50;1.55;;3;Marée 3;marees_le_havre_2026_decembre.docx
2026-12-23;Le Havre;Me;Pleine mer;22:14;7.82;87;4;Marée 4;marees_le_havre_2026_decembre.docx
2026-12-24;Le Havre;Je;Basse mer;05:12;1.60;;1;Marée 1;marees_le_havre_2026_decembre.docx
2026-12-24;Le Havre;Je;Pleine mer;10:32;8.00;91;2;Marée 2;marees_le_havre_2026_decembre.docx
2026-12-24;Le Havre;Je;Basse mer;17:45;1.25;;3;Marée 3;marees_le_havre_2026_decembre.docx
2026-12-24;Le Havre;Je;Pleine mer;23:05;8.01;95;4;Marée 4;marees_le_havre_2026_decembre.docx
2026-12-25;Le Havre;Ve;Basse mer;06:07;1.44;;1;Marée 1;marees_le_havre_2026_decembre.docx
2026-12-25;Le Havre;Ve;Pleine mer;11:21;8.13;97;2;Marée 2;marees_le_havre_2026_decembre.docx
2026-12-25;Le Havre;Ve;Basse mer;18:39;1.07;;3;Marée 3;marees_le_havre_2026_decembre.docx
2026-12-25;Le Havre;Ve;Pleine mer;23:55;8.10;99;4;Marée 4;marees_le_havre_2026_decembre.docx
2026-12-26;Le Havre;Sa;Basse mer;07:00;1.38;;1;Marée 1;marees_le_havre_2026_decembre.docx
2026-12-26;Le Havre;Sa;Pleine mer;12:11;8.17;99;2;Marée 2;marees_le_havre_2026_decembre.docx
2026-12-26;Le Havre;Sa;Basse mer;19:31;1.02;;3;Marée 3;marees_le_havre_2026_decembre.docx
2026-12-27;Le Havre;Di;Pleine mer;00:45;8.08;98;1;Marée 1;marees_le_havre_2026_decembre.docx
2026-12-27;Le Havre;Di;Basse mer;07:51;1.43;;2;Marée 2;marees_le_havre_2026_decembre.docx
2026-12-27;Le Havre;Di;Pleine mer;12:59;8.09;96;3;Marée 3;marees_le_havre_2026_decembre.docx
2026-12-27;Le Havre;Di;Basse mer;20:21;1.11;;4;Marée 4;marees_le_havre_2026_decembre.docx
2026-12-28;Le Havre;Lu;Pleine mer;01:34;7.95;93;1;Marée 1;marees_le_havre_2026_decembre.docx
2026-12-28;Le Havre;Lu;Basse mer;08:40;1.60;;2;Marée 2;marees_le_havre_2026_decembre.docx
2026-12-28;Le Havre;Lu;Pleine mer;13:48;7.90;89;3;Marée 3;marees_le_havre_2026_decembre.docx
2026-12-28;Le Havre;Lu;Basse mer;21:07;1.35;;4;Marée 4;marees_le_havre_2026_decembre.docx
2026-12-29;Le Havre;Ma;Pleine mer;02:23;7.72;84;1;Marée 1;marees_le_havre_2026_decembre.docx
2026-12-29;Le Havre;Ma;Basse mer;09:25;1.87;;2;Marée 2;marees_le_havre_2026_decembre.docx
2026-12-29;Le Havre;Ma;Pleine mer;14:37;7.63;78;3;Marée 3;marees_le_havre_2026_decembre.docx
2026-12-29;Le Havre;Ma;Basse mer;21:51;1.71;;4;Marée 4;marees_le_havre_2026_decembre.docx
2026-12-30;Le Havre;Me;Pleine mer;03:13;7.44;73;1;Marée 1;marees_le_havre_2026_decembre.docx
2026-12-30;Le Havre;Me;Basse mer;10:10;2.21;;2;Marée 2;marees_le_havre_2026_decembre.docx
2026-12-30;Le Havre;Me;Pleine mer;15:27;7.31;67;3;Marée 3;marees_le_havre_2026_decembre.docx
2026-12-30;Le Havre;Me;Basse mer;22:34;2.13;;4;Marée 4;marees_le_havre_2026_decembre.docx
2026-12-31;Le Havre;Je;Pleine mer;04:06;7.16;61;1;Marée 1;marees_le_havre_2026_decembre.docx
2026-12-31;Le Havre;Je;Basse mer;10:56;2.56;;2;Marée 2;marees_le_havre_2026_decembre.docx
2026-12-31;Le Havre;Je;Pleine mer;16:22;7.00;55;3;Marée 3;marees_le_havre_2026_decembre.docx
2026-12-31;Le Havre;Je;Basse mer;23:21;2.54;;4;Marée 4;marees_le_havre_2026_decembre.docx
